"ID","LINK_ID","CLICKED_AT","CLICKED_ON","REFERRER","USER_AGENT_CLASS","CLIENT_HASH"
"1","1","2026-10-03 15:19:45.633+00","2026-10-03","https://news.example","browser","d5d4cc80ab15e9ae319c813fbffeace3554e5ba375baa3dadfb9bb863564ebe1"
"2","1","2026-10-03 15:19:45.823+00","2026-10-03","https://news.example","other","d5d4cc80ab15e9ae319c813fbffeace3554e5ba375baa3dadfb9bb863564ebe1"
"3","1","2026-10-03 15:19:45.959+00","2026-10-03",,"bot","d5d4cc80ab15e9ae319c813fbffeace3554e5ba375baa3dadfb9bb863564ebe1"
"4","3","2026-10-03 15:25:00.105+00","2026-10-03",,"browser","d5d4cc80ab15e9ae319c813fbffeace3554e5ba375baa3dadfb9bb863564ebe1"
"5","2","2026-10-03 15:25:00.766+00","2026-10-03",,"other","d5d4cc80ab15e9ae319c813fbffeace3554e5ba375baa3dadfb9bb863564ebe1"
"6","26","2026-10-03 15:27:16.031+00","2026-10-03","https://referrer.example","other","d5d4cc80ab15e9ae319c813fbffeace3554e5ba375baa3dadfb9bb863564ebe1"
"7","2","2026-10-03 15:33:52.433+00","2026-10-03",,"browser","885232a79687ddedd8d6fbe25eeb89799fe92ee18f5f847b75f76dc5466d7795"
"8","2","2026-10-03 15:34:51.3+00","2026-10-03","https://community.example","browser","885232a79687ddedd8d6fbe25eeb89799fe92ee18f5f847b75f76dc5466d7795"
"9","2","2026-10-03 15:34:51.502+00","2026-10-03","https://community.example","browser","885232a79687ddedd8d6fbe25eeb89799fe92ee18f5f847b75f76dc5466d7795"
"10","2","2026-10-03 15:34:51.671+00","2026-10-03","https://newsletter.example","browser","885232a79687ddedd8d6fbe25eeb89799fe92ee18f5f847b75f76dc5466d7795"
