"ID","OCCURRED_AT","ACTOR","ACTION","ENTITY","ENTITY_ID","REQUEST_ID","BEFORE_STATE","AFTER_STATE"
"1","2026-10-03 10:21:41.899+00","anonymous","link.create","link","34YTSBd9","0b6a8a38-f210-4b32-91bf-e3cc9ab58807",,"{""url"":""https://target.example/qa/representative"",""state"":""active""}"
"2","2026-10-03 10:21:41.968+00","anonymous","link.create","link","u49IEypD","f5cf9e51-9561-4f9e-99c8-abd9314b649a",,"{""url"":""https://target.example/qa/seven"",""state"":""active""}"
"3","2026-10-03 10:21:42.022+00","anonymous","link.create","link","SIK1Nx8a","f8cff579-2aa3-4f08-87ac-0e6ab9cd92ea",,"{""url"":""https://target.example/qa/ranking"",""state"":""active""}"
"4","2026-10-03 10:21:42.076+00","anonymous","link.create","link","cV8KAkGR","f163f459-9b66-4d9b-9c8b-936e56304775",,"{""url"":""https://target.example/qa/empty"",""state"":""active""}"
"5","2026-10-03 10:21:42.145+00","anonymous","link.create","link","mzLlZAfs","31475ef6-f5a0-4d6c-9fac-a73ffc54f2f2",,"{""url"":""https://target.example/qa/retiredEmpty"",""state"":""active""}"
"6","2026-10-03 10:21:42.204+00","anonymous","link.create","link","hxqmpWrE","f9a0c533-d705-4c9e-ada3-9b20e9cdde9a",,"{""url"":""https://target.example/qa/retiredFour"",""state"":""active""}"
"7","2026-10-03 10:21:42.287+00","anonymous","link.create","link","RqYAOyTJ","37821591-9608-4218-be6a-34493e8d899d",,"{""url"":""https://target.example/qa/failed"",""state"":""active""}"
"8","2026-10-03 10:21:42.361+00","anonymous","link.create","link","YQBZxpz5","7e90d33c-ac59-48b6-9fb3-ea1bc035f638",,"{""url"":""https://target.example/qa/concurrent"",""state"":""active""}"
"9","2026-10-03 10:21:42.423+00","anonymous","link.create","link","H2LoUk7L","e2d80f50-ad91-4e21-abe6-889925cb4948",,"{""url"":""https://target.example/qa/ref0"",""state"":""active""}"
"10","2026-10-03 10:21:42.493+00","anonymous","link.create","link","sITLB15i","15b517c8-2f80-497a-aa5f-a862fc545572",,"{""url"":""https://target.example/qa/ref1"",""state"":""active""}"
"11","2026-10-03 10:21:42.57+00","anonymous","link.create","link","hC98FrVM","4d45766d-3a8f-4b00-8f2e-232c8a5cb393",,"{""url"":""https://target.example/qa/ref2"",""state"":""active""}"
"12","2026-10-03 10:21:42.628+00","anonymous","link.create","link","alJa2zLi","7e3bf1af-df4d-449d-8fec-036df40b2d39",,"{""url"":""https://target.example/qa/ref3"",""state"":""active""}"
"13","2026-10-03 10:21:42.684+00","anonymous","link.create","link","59pDEDxs","894f4898-63f4-4368-871f-3e12571754e8",,"{""url"":""https://target.example/qa/ref4"",""state"":""active""}"
"14","2026-10-03 10:21:42.738+00","anonymous","link.create","link","uU1xlFkJ","92d4f5f2-717d-482b-a64c-11b9379f864c",,"{""url"":""https://target.example/qa/ref5"",""state"":""active""}"
"15","2026-10-03 10:21:42.794+00","anonymous","link.create","link","unsgF7aq","858665ff-b9d8-4728-a496-5de2b4e2d0e1",,"{""url"":""https://target.example/qa/ref6"",""state"":""active""}"
"16","2026-10-03 10:21:42.847+00","anonymous","link.create","link","4auUX97o","560aa341-dbba-476a-9ead-efbe1cad1709",,"{""url"":""https://target.example/qa/ua0"",""state"":""active""}"
"17","2026-10-03 10:21:42.9+00","anonymous","link.create","link","OwzWlhPb","70410b8d-199a-46cd-bf60-c0cebe0a5e25",,"{""url"":""https://target.example/qa/ua1"",""state"":""active""}"
"18","2026-10-03 10:21:42.953+00","anonymous","link.create","link","Pnf4fV5h","ed7bbfac-e79b-4d9d-b1fa-ec3ec2386bd8",,"{""url"":""https://target.example/qa/ua2"",""state"":""active""}"
"19","2026-10-03 10:21:43.013+00","anonymous","link.create","link","qtQoXh63","1c81f1a1-6ee5-47d9-bb54-60a290606ea9",,"{""url"":""https://target.example/qa/ua3"",""state"":""active""}"
"20","2026-10-03 10:21:43.073+00","anonymous","link.create","link","4Gv9TwLb","27490261-b08a-402f-b95b-43b83f7595ec",,"{""url"":""https://target.example/qa/ua4"",""state"":""active""}"
"21","2026-10-03 10:21:43.149+00","anonymous","link.create","link","GaoLtdUZ","00cfa496-439d-49e5-9ceb-ab3a2240ac3c",,"{""url"":""https://target.example/qa/ua5"",""state"":""active""}"
"22","2026-10-03 10:21:43.203+00","anonymous","link.create","link","2SGSBDv4","f0609244-a8ff-4dac-8b88-ba9572737bf5",,"{""url"":""https://target.example/qa/ua6"",""state"":""active""}"
"23","2026-10-03 10:21:43.479+00","anonymous","link.retire","link","mzLlZAfs","03914915-42fa-49fe-b381-6d4a34786e80","{""url"":""https://target.example/qa/retiredEmpty"",""state"":""active""}","{""url"":""https://target.example/qa/retiredEmpty"",""state"":""retired""}"
"24","2026-10-03 10:21:43.532+00","anonymous","link.retire","link","hxqmpWrE","491df4bf-e0f7-47ae-a6c9-267df9f90e08","{""url"":""https://target.example/qa/retiredFour"",""state"":""active""}","{""url"":""https://target.example/qa/retiredFour"",""state"":""retired""}"
