"CODE","ID","LINK_ID","CLICKED_AT","CLICKED_ON","REFERRER","USER_AGENT_CLASS","CLIENT_HASH"
"hxqmpWrE","1","6","2026-10-03 10:21:43.259+00","2026-10-03",,"other","8df5dbaa1577ce9c4c17f5445ea14903e0f223696cdebc46c4735f5a1fece932"
"hxqmpWrE","2","6","2026-10-03 10:21:43.318+00","2026-10-03",,"other","8df5dbaa1577ce9c4c17f5445ea14903e0f223696cdebc46c4735f5a1fece932"
"hxqmpWrE","3","6","2026-10-03 10:21:43.375+00","2026-10-03",,"other","8df5dbaa1577ce9c4c17f5445ea14903e0f223696cdebc46c4735f5a1fece932"
"hxqmpWrE","4","6","2026-10-03 10:21:43.425+00","2026-10-03",,"other","8df5dbaa1577ce9c4c17f5445ea14903e0f223696cdebc46c4735f5a1fece932"
"34YTSBd9","5","1","2026-10-03 10:23:06.663+00","2026-10-03","https://qaprivacy.example","browser","c65ba3864f3e1bdfac7979488b8c0c0f6c508339301ff4118f66d9e91be789ee"
"34YTSBd9","6","1","2026-10-03 10:23:06.728+00","2026-10-03","https://qaprivacy.example","browser","c65ba3864f3e1bdfac7979488b8c0c0f6c508339301ff4118f66d9e91be789ee"
"34YTSBd9","7","1","2026-10-03 10:23:06.78+00","2026-10-03","https://qaprivacy.example","browser","c65ba3864f3e1bdfac7979488b8c0c0f6c508339301ff4118f66d9e91be789ee"
"u49IEypD","8","2","2026-10-03 10:23:57.419+00","2026-10-03",,"other","c65ba3864f3e1bdfac7979488b8c0c0f6c508339301ff4118f66d9e91be789ee"
"u49IEypD","9","2","2026-10-03 10:23:57.47+00","2026-10-03",,"other","c65ba3864f3e1bdfac7979488b8c0c0f6c508339301ff4118f66d9e91be789ee"
"u49IEypD","10","2","2026-10-03 10:23:57.522+00","2026-10-03",,"other","c65ba3864f3e1bdfac7979488b8c0c0f6c508339301ff4118f66d9e91be789ee"
"u49IEypD","11","2","2026-10-03 10:23:57.571+00","2026-10-03",,"other","c65ba3864f3e1bdfac7979488b8c0c0f6c508339301ff4118f66d9e91be789ee"
"u49IEypD","12","2","2026-10-03 10:23:57.623+00","2026-10-03",,"other","c65ba3864f3e1bdfac7979488b8c0c0f6c508339301ff4118f66d9e91be789ee"
"u49IEypD","13","2","2026-10-03 10:23:57.674+00","2026-10-03",,"other","c65ba3864f3e1bdfac7979488b8c0c0f6c508339301ff4118f66d9e91be789ee"
"u49IEypD","14","2","2026-10-03 10:23:57.729+00","2026-10-03",,"other","c65ba3864f3e1bdfac7979488b8c0c0f6c508339301ff4118f66d9e91be789ee"
"H2LoUk7L","15","9","2026-10-03 10:23:57.829+00","2026-10-03","https://news.example","other","c65ba3864f3e1bdfac7979488b8c0c0f6c508339301ff4118f66d9e91be789ee"
"sITLB15i","16","10","2026-10-03 10:23:57.88+00","2026-10-03","http://blog.example:8081","other","c65ba3864f3e1bdfac7979488b8c0c0f6c508339301ff4118f66d9e91be789ee"
"hC98FrVM","17","11","2026-10-03 10:23:57.93+00","2026-10-03","https://forum.example","other","c65ba3864f3e1bdfac7979488b8c0c0f6c508339301ff4118f66d9e91be789ee"
"alJa2zLi","18","12","2026-10-03 10:23:57.981+00","2026-10-03",,"other","c65ba3864f3e1bdfac7979488b8c0c0f6c508339301ff4118f66d9e91be789ee"
"59pDEDxs","19","13","2026-10-03 10:23:58.032+00","2026-10-03",,"other","c65ba3864f3e1bdfac7979488b8c0c0f6c508339301ff4118f66d9e91be789ee"
"uU1xlFkJ","20","14","2026-10-03 10:23:58.082+00","2026-10-03",,"other","c65ba3864f3e1bdfac7979488b8c0c0f6c508339301ff4118f66d9e91be789ee"
"unsgF7aq","21","15","2026-10-03 10:23:58.134+00","2026-10-03",,"other","c65ba3864f3e1bdfac7979488b8c0c0f6c508339301ff4118f66d9e91be789ee"
"4auUX97o","22","16","2026-10-03 10:23:58.185+00","2026-10-03",,"browser","c65ba3864f3e1bdfac7979488b8c0c0f6c508339301ff4118f66d9e91be789ee"
"OwzWlhPb","23","17","2026-10-03 10:23:58.237+00","2026-10-03",,"bot","c65ba3864f3e1bdfac7979488b8c0c0f6c508339301ff4118f66d9e91be789ee"
"Pnf4fV5h","24","18","2026-10-03 10:23:58.288+00","2026-10-03",,"bot","c65ba3864f3e1bdfac7979488b8c0c0f6c508339301ff4118f66d9e91be789ee"
"qtQoXh63","25","19","2026-10-03 10:23:58.339+00","2026-10-03",,"bot","c65ba3864f3e1bdfac7979488b8c0c0f6c508339301ff4118f66d9e91be789ee"
"4Gv9TwLb","26","20","2026-10-03 10:23:58.392+00","2026-10-03",,"other","c65ba3864f3e1bdfac7979488b8c0c0f6c508339301ff4118f66d9e91be789ee"
"GaoLtdUZ","27","21","2026-10-03 10:23:58.443+00","2026-10-03",,"unknown","c65ba3864f3e1bdfac7979488b8c0c0f6c508339301ff4118f66d9e91be789ee"
"2SGSBDv4","28","22","2026-10-03 10:23:58.499+00","2026-10-03",,"unknown","c65ba3864f3e1bdfac7979488b8c0c0f6c508339301ff4118f66d9e91be789ee"
"SIK1Nx8a","29","3","2026-10-03 10:23:58.551+00","2026-10-03","https://a.example","other","c65ba3864f3e1bdfac7979488b8c0c0f6c508339301ff4118f66d9e91be789ee"
"SIK1Nx8a","30","3","2026-10-03 10:23:58.603+00","2026-10-03","https://a.example","other","c65ba3864f3e1bdfac7979488b8c0c0f6c508339301ff4118f66d9e91be789ee"
"SIK1Nx8a","31","3","2026-10-03 10:23:58.653+00","2026-10-03","https://a.example","other","c65ba3864f3e1bdfac7979488b8c0c0f6c508339301ff4118f66d9e91be789ee"
"SIK1Nx8a","32","3","2026-10-03 10:23:58.703+00","2026-10-03","https://a.example","other","c65ba3864f3e1bdfac7979488b8c0c0f6c508339301ff4118f66d9e91be789ee"
"SIK1Nx8a","33","3","2026-10-03 10:23:58.755+00","2026-10-03","https://a.example","other","c65ba3864f3e1bdfac7979488b8c0c0f6c508339301ff4118f66d9e91be789ee"
"SIK1Nx8a","34","3","2026-10-03 10:23:58.807+00","2026-10-03","https://b.example","other","c65ba3864f3e1bdfac7979488b8c0c0f6c508339301ff4118f66d9e91be789ee"
"SIK1Nx8a","35","3","2026-10-03 10:23:58.862+00","2026-10-03","https://b.example","other","c65ba3864f3e1bdfac7979488b8c0c0f6c508339301ff4118f66d9e91be789ee"
"SIK1Nx8a","36","3","2026-10-03 10:23:58.913+00","2026-10-03","https://b.example","other","c65ba3864f3e1bdfac7979488b8c0c0f6c508339301ff4118f66d9e91be789ee"
"SIK1Nx8a","37","3","2026-10-03 10:23:58.963+00","2026-10-03","https://c.example","other","c65ba3864f3e1bdfac7979488b8c0c0f6c508339301ff4118f66d9e91be789ee"
"SIK1Nx8a","38","3","2026-10-03 10:23:59.016+00","2026-10-03","https://c.example","other","c65ba3864f3e1bdfac7979488b8c0c0f6c508339301ff4118f66d9e91be789ee"
"SIK1Nx8a","39","3","2026-10-03 10:23:59.067+00","2026-10-03","https://c.example","other","c65ba3864f3e1bdfac7979488b8c0c0f6c508339301ff4118f66d9e91be789ee"
"SIK1Nx8a","40","3","2026-10-03 10:23:59.116+00","2026-10-03","https://d1.example","other","c65ba3864f3e1bdfac7979488b8c0c0f6c508339301ff4118f66d9e91be789ee"
"SIK1Nx8a","41","3","2026-10-03 10:23:59.168+00","2026-10-03","https://d2.example","other","c65ba3864f3e1bdfac7979488b8c0c0f6c508339301ff4118f66d9e91be789ee"
"SIK1Nx8a","42","3","2026-10-03 10:23:59.218+00","2026-10-03","https://d3.example","other","c65ba3864f3e1bdfac7979488b8c0c0f6c508339301ff4118f66d9e91be789ee"
"SIK1Nx8a","43","3","2026-10-03 10:23:59.277+00","2026-10-03","https://d4.example","other","c65ba3864f3e1bdfac7979488b8c0c0f6c508339301ff4118f66d9e91be789ee"
"SIK1Nx8a","44","3","2026-10-03 10:23:59.331+00","2026-10-03","https://d5.example","other","c65ba3864f3e1bdfac7979488b8c0c0f6c508339301ff4118f66d9e91be789ee"
"SIK1Nx8a","45","3","2026-10-03 10:23:59.38+00","2026-10-03","https://d6.example","other","c65ba3864f3e1bdfac7979488b8c0c0f6c508339301ff4118f66d9e91be789ee"
"SIK1Nx8a","46","3","2026-10-03 10:23:59.431+00","2026-10-03","https://d7.example","other","c65ba3864f3e1bdfac7979488b8c0c0f6c508339301ff4118f66d9e91be789ee"
"SIK1Nx8a","47","3","2026-10-03 10:23:59.485+00","2026-10-03","https://d8.example","other","c65ba3864f3e1bdfac7979488b8c0c0f6c508339301ff4118f66d9e91be789ee"
"SIK1Nx8a","48","3","2026-10-03 10:23:59.538+00","2026-10-03","https://d9.example","other","c65ba3864f3e1bdfac7979488b8c0c0f6c508339301ff4118f66d9e91be789ee"
"SIK1Nx8a","49","3","2026-10-03 10:23:59.589+00","2026-10-03","https://d10.example","other","c65ba3864f3e1bdfac7979488b8c0c0f6c508339301ff4118f66d9e91be789ee"
"SIK1Nx8a","50","3","2026-10-03 10:23:59.64+00","2026-10-03","https://d11.example","other","c65ba3864f3e1bdfac7979488b8c0c0f6c508339301ff4118f66d9e91be789ee"
"SIK1Nx8a","51","3","2026-10-03 10:23:59.69+00","2026-10-03",,"other","c65ba3864f3e1bdfac7979488b8c0c0f6c508339301ff4118f66d9e91be789ee"
"SIK1Nx8a","52","3","2026-10-03 10:23:59.742+00","2026-10-03",,"other","c65ba3864f3e1bdfac7979488b8c0c0f6c508339301ff4118f66d9e91be789ee"
"SIK1Nx8a","53","3","2026-10-03 10:23:59.792+00","2026-10-03",,"other","c65ba3864f3e1bdfac7979488b8c0c0f6c508339301ff4118f66d9e91be789ee"
"SIK1Nx8a","54","3","2026-10-03 10:23:59.842+00","2026-10-03",,"other","c65ba3864f3e1bdfac7979488b8c0c0f6c508339301ff4118f66d9e91be789ee"
"YQBZxpz5","56","8","2026-10-03 10:25:30.27+00","2026-10-03","https://concurrent.example","browser","c65ba3864f3e1bdfac7979488b8c0c0f6c508339301ff4118f66d9e91be789ee"
"YQBZxpz5","57","8","2026-10-03 10:25:30.271+00","2026-10-03","https://concurrent.example","browser","c65ba3864f3e1bdfac7979488b8c0c0f6c508339301ff4118f66d9e91be789ee"
"YQBZxpz5","58","8","2026-10-03 10:25:30.277+00","2026-10-03","https://concurrent.example","browser","c65ba3864f3e1bdfac7979488b8c0c0f6c508339301ff4118f66d9e91be789ee"
"YQBZxpz5","59","8","2026-10-03 10:25:30.277+00","2026-10-03","https://concurrent.example","browser","c65ba3864f3e1bdfac7979488b8c0c0f6c508339301ff4118f66d9e91be789ee"
"YQBZxpz5","60","8","2026-10-03 10:25:30.28+00","2026-10-03","https://concurrent.example","browser","c65ba3864f3e1bdfac7979488b8c0c0f6c508339301ff4118f66d9e91be789ee"
"YQBZxpz5","61","8","2026-10-03 10:25:30.282+00","2026-10-03","https://concurrent.example","browser","c65ba3864f3e1bdfac7979488b8c0c0f6c508339301ff4118f66d9e91be789ee"
"YQBZxpz5","62","8","2026-10-03 10:25:30.283+00","2026-10-03","https://concurrent.example","browser","c65ba3864f3e1bdfac7979488b8c0c0f6c508339301ff4118f66d9e91be789ee"
"YQBZxpz5","63","8","2026-10-03 10:25:30.29+00","2026-10-03","https://concurrent.example","browser","c65ba3864f3e1bdfac7979488b8c0c0f6c508339301ff4118f66d9e91be789ee"
"YQBZxpz5","64","8","2026-10-03 10:25:30.291+00","2026-10-03","https://concurrent.example","browser","c65ba3864f3e1bdfac7979488b8c0c0f6c508339301ff4118f66d9e91be789ee"
"YQBZxpz5","65","8","2026-10-03 10:25:30.291+00","2026-10-03","https://concurrent.example","browser","c65ba3864f3e1bdfac7979488b8c0c0f6c508339301ff4118f66d9e91be789ee"
"YQBZxpz5","66","8","2026-10-03 10:25:30.292+00","2026-10-03","https://concurrent.example","browser","c65ba3864f3e1bdfac7979488b8c0c0f6c508339301ff4118f66d9e91be789ee"
"YQBZxpz5","67","8","2026-10-03 10:25:30.295+00","2026-10-03","https://concurrent.example","browser","c65ba3864f3e1bdfac7979488b8c0c0f6c508339301ff4118f66d9e91be789ee"
"YQBZxpz5","68","8","2026-10-03 10:25:30.297+00","2026-10-03","https://concurrent.example","browser","c65ba3864f3e1bdfac7979488b8c0c0f6c508339301ff4118f66d9e91be789ee"
"YQBZxpz5","69","8","2026-10-03 10:25:30.297+00","2026-10-03","https://concurrent.example","browser","c65ba3864f3e1bdfac7979488b8c0c0f6c508339301ff4118f66d9e91be789ee"
"YQBZxpz5","70","8","2026-10-03 10:25:30.303+00","2026-10-03","https://concurrent.example","browser","c65ba3864f3e1bdfac7979488b8c0c0f6c508339301ff4118f66d9e91be789ee"
"YQBZxpz5","71","8","2026-10-03 10:25:30.305+00","2026-10-03","https://concurrent.example","browser","c65ba3864f3e1bdfac7979488b8c0c0f6c508339301ff4118f66d9e91be789ee"
"YQBZxpz5","72","8","2026-10-03 10:25:30.307+00","2026-10-03","https://concurrent.example","browser","c65ba3864f3e1bdfac7979488b8c0c0f6c508339301ff4118f66d9e91be789ee"
"YQBZxpz5","73","8","2026-10-03 10:25:30.31+00","2026-10-03","https://concurrent.example","browser","c65ba3864f3e1bdfac7979488b8c0c0f6c508339301ff4118f66d9e91be789ee"
"YQBZxpz5","74","8","2026-10-03 10:25:30.315+00","2026-10-03","https://concurrent.example","browser","c65ba3864f3e1bdfac7979488b8c0c0f6c508339301ff4118f66d9e91be789ee"
"YQBZxpz5","75","8","2026-10-03 10:25:30.318+00","2026-10-03","https://concurrent.example","browser","c65ba3864f3e1bdfac7979488b8c0c0f6c508339301ff4118f66d9e91be789ee"
"YQBZxpz5","76","8","2026-10-03 10:25:30.332+00","2026-10-03","https://concurrent.example","browser","c65ba3864f3e1bdfac7979488b8c0c0f6c508339301ff4118f66d9e91be789ee"
"YQBZxpz5","77","8","2026-10-03 10:25:30.335+00","2026-10-03","https://concurrent.example","browser","c65ba3864f3e1bdfac7979488b8c0c0f6c508339301ff4118f66d9e91be789ee"
"YQBZxpz5","78","8","2026-10-03 10:25:30.335+00","2026-10-03","https://concurrent.example","browser","c65ba3864f3e1bdfac7979488b8c0c0f6c508339301ff4118f66d9e91be789ee"
"YQBZxpz5","79","8","2026-10-03 10:25:30.339+00","2026-10-03","https://concurrent.example","browser","c65ba3864f3e1bdfac7979488b8c0c0f6c508339301ff4118f66d9e91be789ee"
"YQBZxpz5","80","8","2026-10-03 10:25:30.339+00","2026-10-03","https://concurrent.example","browser","c65ba3864f3e1bdfac7979488b8c0c0f6c508339301ff4118f66d9e91be789ee"
"YQBZxpz5","81","8","2026-10-03 10:25:30.345+00","2026-10-03","https://concurrent.example","browser","c65ba3864f3e1bdfac7979488b8c0c0f6c508339301ff4118f66d9e91be789ee"
"YQBZxpz5","82","8","2026-10-03 10:25:30.346+00","2026-10-03","https://concurrent.example","browser","c65ba3864f3e1bdfac7979488b8c0c0f6c508339301ff4118f66d9e91be789ee"
"YQBZxpz5","83","8","2026-10-03 10:25:30.347+00","2026-10-03","https://concurrent.example","browser","c65ba3864f3e1bdfac7979488b8c0c0f6c508339301ff4118f66d9e91be789ee"
"YQBZxpz5","84","8","2026-10-03 10:25:30.383+00","2026-10-03","https://concurrent.example","browser","c65ba3864f3e1bdfac7979488b8c0c0f6c508339301ff4118f66d9e91be789ee"
"YQBZxpz5","85","8","2026-10-03 10:25:30.384+00","2026-10-03","https://concurrent.example","browser","c65ba3864f3e1bdfac7979488b8c0c0f6c508339301ff4118f66d9e91be789ee"
"YQBZxpz5","86","8","2026-10-03 10:25:30.385+00","2026-10-03","https://concurrent.example","browser","c65ba3864f3e1bdfac7979488b8c0c0f6c508339301ff4118f66d9e91be789ee"
"YQBZxpz5","87","8","2026-10-03 10:25:30.387+00","2026-10-03","https://concurrent.example","browser","c65ba3864f3e1bdfac7979488b8c0c0f6c508339301ff4118f66d9e91be789ee"
"YQBZxpz5","88","8","2026-10-03 10:25:30.387+00","2026-10-03","https://concurrent.example","browser","c65ba3864f3e1bdfac7979488b8c0c0f6c508339301ff4118f66d9e91be789ee"
"YQBZxpz5","89","8","2026-10-03 10:25:30.389+00","2026-10-03","https://concurrent.example","browser","c65ba3864f3e1bdfac7979488b8c0c0f6c508339301ff4118f66d9e91be789ee"
"YQBZxpz5","90","8","2026-10-03 10:25:30.394+00","2026-10-03","https://concurrent.example","browser","c65ba3864f3e1bdfac7979488b8c0c0f6c508339301ff4118f66d9e91be789ee"
"YQBZxpz5","91","8","2026-10-03 10:25:30.395+00","2026-10-03","https://concurrent.example","browser","c65ba3864f3e1bdfac7979488b8c0c0f6c508339301ff4118f66d9e91be789ee"
"YQBZxpz5","92","8","2026-10-03 10:25:30.396+00","2026-10-03","https://concurrent.example","browser","c65ba3864f3e1bdfac7979488b8c0c0f6c508339301ff4118f66d9e91be789ee"
"YQBZxpz5","93","8","2026-10-03 10:25:30.414+00","2026-10-03","https://concurrent.example","browser","c65ba3864f3e1bdfac7979488b8c0c0f6c508339301ff4118f66d9e91be789ee"
"YQBZxpz5","94","8","2026-10-03 10:25:30.418+00","2026-10-03","https://concurrent.example","browser","c65ba3864f3e1bdfac7979488b8c0c0f6c508339301ff4118f66d9e91be789ee"
"YQBZxpz5","95","8","2026-10-03 10:25:30.419+00","2026-10-03","https://concurrent.example","browser","c65ba3864f3e1bdfac7979488b8c0c0f6c508339301ff4118f66d9e91be789ee"
"YQBZxpz5","96","8","2026-10-03 10:25:30.429+00","2026-10-03","https://concurrent.example","browser","c65ba3864f3e1bdfac7979488b8c0c0f6c508339301ff4118f66d9e91be789ee"
"YQBZxpz5","97","8","2026-10-03 10:25:30.431+00","2026-10-03","https://concurrent.example","browser","c65ba3864f3e1bdfac7979488b8c0c0f6c508339301ff4118f66d9e91be789ee"
"YQBZxpz5","98","8","2026-10-03 10:25:30.432+00","2026-10-03","https://concurrent.example","browser","c65ba3864f3e1bdfac7979488b8c0c0f6c508339301ff4118f66d9e91be789ee"
"YQBZxpz5","99","8","2026-10-03 10:25:30.432+00","2026-10-03","https://concurrent.example","browser","c65ba3864f3e1bdfac7979488b8c0c0f6c508339301ff4118f66d9e91be789ee"
"YQBZxpz5","100","8","2026-10-03 10:25:30.433+00","2026-10-03","https://concurrent.example","browser","c65ba3864f3e1bdfac7979488b8c0c0f6c508339301ff4118f66d9e91be789ee"
"YQBZxpz5","101","8","2026-10-03 10:25:30.434+00","2026-10-03","https://concurrent.example","browser","c65ba3864f3e1bdfac7979488b8c0c0f6c508339301ff4118f66d9e91be789ee"
"YQBZxpz5","102","8","2026-10-03 10:25:30.436+00","2026-10-03","https://concurrent.example","browser","c65ba3864f3e1bdfac7979488b8c0c0f6c508339301ff4118f66d9e91be789ee"
"YQBZxpz5","103","8","2026-10-03 10:25:30.44+00","2026-10-03","https://concurrent.example","browser","c65ba3864f3e1bdfac7979488b8c0c0f6c508339301ff4118f66d9e91be789ee"
"YQBZxpz5","104","8","2026-10-03 10:25:30.449+00","2026-10-03","https://concurrent.example","browser","c65ba3864f3e1bdfac7979488b8c0c0f6c508339301ff4118f66d9e91be789ee"
"YQBZxpz5","105","8","2026-10-03 10:25:30.451+00","2026-10-03","https://concurrent.example","browser","c65ba3864f3e1bdfac7979488b8c0c0f6c508339301ff4118f66d9e91be789ee"
"YQBZxpz5","106","8","2026-10-03 10:25:30.455+00","2026-10-03","https://concurrent.example","browser","c65ba3864f3e1bdfac7979488b8c0c0f6c508339301ff4118f66d9e91be789ee"
"YQBZxpz5","107","8","2026-10-03 10:25:30.465+00","2026-10-03","https://concurrent.example","browser","c65ba3864f3e1bdfac7979488b8c0c0f6c508339301ff4118f66d9e91be789ee"
"YQBZxpz5","108","8","2026-10-03 10:25:30.465+00","2026-10-03","https://concurrent.example","browser","c65ba3864f3e1bdfac7979488b8c0c0f6c508339301ff4118f66d9e91be789ee"
"YQBZxpz5","109","8","2026-10-03 10:25:30.468+00","2026-10-03","https://concurrent.example","browser","c65ba3864f3e1bdfac7979488b8c0c0f6c508339301ff4118f66d9e91be789ee"
"YQBZxpz5","110","8","2026-10-03 10:25:30.472+00","2026-10-03","https://concurrent.example","browser","c65ba3864f3e1bdfac7979488b8c0c0f6c508339301ff4118f66d9e91be789ee"
"YQBZxpz5","111","8","2026-10-03 10:25:30.477+00","2026-10-03","https://concurrent.example","browser","c65ba3864f3e1bdfac7979488b8c0c0f6c508339301ff4118f66d9e91be789ee"
"YQBZxpz5","112","8","2026-10-03 10:25:30.477+00","2026-10-03","https://concurrent.example","browser","c65ba3864f3e1bdfac7979488b8c0c0f6c508339301ff4118f66d9e91be789ee"
"YQBZxpz5","113","8","2026-10-03 10:25:30.486+00","2026-10-03","https://concurrent.example","browser","c65ba3864f3e1bdfac7979488b8c0c0f6c508339301ff4118f66d9e91be789ee"
"YQBZxpz5","114","8","2026-10-03 10:25:30.495+00","2026-10-03","https://concurrent.example","browser","c65ba3864f3e1bdfac7979488b8c0c0f6c508339301ff4118f66d9e91be789ee"
"YQBZxpz5","115","8","2026-10-03 10:25:30.495+00","2026-10-03","https://concurrent.example","browser","c65ba3864f3e1bdfac7979488b8c0c0f6c508339301ff4118f66d9e91be789ee"
"YQBZxpz5","116","8","2026-10-03 10:25:30.503+00","2026-10-03","https://concurrent.example","browser","c65ba3864f3e1bdfac7979488b8c0c0f6c508339301ff4118f66d9e91be789ee"
"YQBZxpz5","117","8","2026-10-03 10:25:30.506+00","2026-10-03","https://concurrent.example","browser","c65ba3864f3e1bdfac7979488b8c0c0f6c508339301ff4118f66d9e91be789ee"
"YQBZxpz5","118","8","2026-10-03 10:25:30.508+00","2026-10-03","https://concurrent.example","browser","c65ba3864f3e1bdfac7979488b8c0c0f6c508339301ff4118f66d9e91be789ee"
"YQBZxpz5","119","8","2026-10-03 10:25:30.508+00","2026-10-03","https://concurrent.example","browser","c65ba3864f3e1bdfac7979488b8c0c0f6c508339301ff4118f66d9e91be789ee"
"YQBZxpz5","120","8","2026-10-03 10:25:30.512+00","2026-10-03","https://concurrent.example","browser","c65ba3864f3e1bdfac7979488b8c0c0f6c508339301ff4118f66d9e91be789ee"
"YQBZxpz5","121","8","2026-10-03 10:25:30.513+00","2026-10-03","https://concurrent.example","browser","c65ba3864f3e1bdfac7979488b8c0c0f6c508339301ff4118f66d9e91be789ee"
"YQBZxpz5","122","8","2026-10-03 10:25:30.513+00","2026-10-03","https://concurrent.example","browser","c65ba3864f3e1bdfac7979488b8c0c0f6c508339301ff4118f66d9e91be789ee"
"YQBZxpz5","123","8","2026-10-03 10:25:30.526+00","2026-10-03","https://concurrent.example","browser","c65ba3864f3e1bdfac7979488b8c0c0f6c508339301ff4118f66d9e91be789ee"
"YQBZxpz5","124","8","2026-10-03 10:25:30.54+00","2026-10-03","https://concurrent.example","browser","c65ba3864f3e1bdfac7979488b8c0c0f6c508339301ff4118f66d9e91be789ee"
"YQBZxpz5","125","8","2026-10-03 10:25:30.54+00","2026-10-03","https://concurrent.example","browser","c65ba3864f3e1bdfac7979488b8c0c0f6c508339301ff4118f66d9e91be789ee"
"YQBZxpz5","126","8","2026-10-03 10:25:30.55+00","2026-10-03","https://concurrent.example","browser","c65ba3864f3e1bdfac7979488b8c0c0f6c508339301ff4118f66d9e91be789ee"
"YQBZxpz5","127","8","2026-10-03 10:25:30.55+00","2026-10-03","https://concurrent.example","browser","c65ba3864f3e1bdfac7979488b8c0c0f6c508339301ff4118f66d9e91be789ee"
"YQBZxpz5","128","8","2026-10-03 10:25:30.55+00","2026-10-03","https://concurrent.example","browser","c65ba3864f3e1bdfac7979488b8c0c0f6c508339301ff4118f66d9e91be789ee"
"YQBZxpz5","129","8","2026-10-03 10:25:30.551+00","2026-10-03","https://concurrent.example","browser","c65ba3864f3e1bdfac7979488b8c0c0f6c508339301ff4118f66d9e91be789ee"
"YQBZxpz5","130","8","2026-10-03 10:25:30.555+00","2026-10-03","https://concurrent.example","browser","c65ba3864f3e1bdfac7979488b8c0c0f6c508339301ff4118f66d9e91be789ee"
"YQBZxpz5","131","8","2026-10-03 10:25:30.555+00","2026-10-03","https://concurrent.example","browser","c65ba3864f3e1bdfac7979488b8c0c0f6c508339301ff4118f66d9e91be789ee"
"YQBZxpz5","132","8","2026-10-03 10:25:30.556+00","2026-10-03","https://concurrent.example","browser","c65ba3864f3e1bdfac7979488b8c0c0f6c508339301ff4118f66d9e91be789ee"
"YQBZxpz5","133","8","2026-10-03 10:25:30.562+00","2026-10-03","https://concurrent.example","browser","c65ba3864f3e1bdfac7979488b8c0c0f6c508339301ff4118f66d9e91be789ee"
"YQBZxpz5","134","8","2026-10-03 10:25:30.569+00","2026-10-03","https://concurrent.example","browser","c65ba3864f3e1bdfac7979488b8c0c0f6c508339301ff4118f66d9e91be789ee"
"YQBZxpz5","135","8","2026-10-03 10:25:30.569+00","2026-10-03","https://concurrent.example","browser","c65ba3864f3e1bdfac7979488b8c0c0f6c508339301ff4118f66d9e91be789ee"
"YQBZxpz5","136","8","2026-10-03 10:25:30.591+00","2026-10-03","https://concurrent.example","browser","c65ba3864f3e1bdfac7979488b8c0c0f6c508339301ff4118f66d9e91be789ee"
"YQBZxpz5","137","8","2026-10-03 10:25:30.591+00","2026-10-03","https://concurrent.example","browser","c65ba3864f3e1bdfac7979488b8c0c0f6c508339301ff4118f66d9e91be789ee"
"YQBZxpz5","138","8","2026-10-03 10:25:30.593+00","2026-10-03","https://concurrent.example","browser","c65ba3864f3e1bdfac7979488b8c0c0f6c508339301ff4118f66d9e91be789ee"
"YQBZxpz5","139","8","2026-10-03 10:25:30.593+00","2026-10-03","https://concurrent.example","browser","c65ba3864f3e1bdfac7979488b8c0c0f6c508339301ff4118f66d9e91be789ee"
"YQBZxpz5","140","8","2026-10-03 10:25:30.594+00","2026-10-03","https://concurrent.example","browser","c65ba3864f3e1bdfac7979488b8c0c0f6c508339301ff4118f66d9e91be789ee"
"YQBZxpz5","141","8","2026-10-03 10:25:30.595+00","2026-10-03","https://concurrent.example","browser","c65ba3864f3e1bdfac7979488b8c0c0f6c508339301ff4118f66d9e91be789ee"
"YQBZxpz5","142","8","2026-10-03 10:25:30.595+00","2026-10-03","https://concurrent.example","browser","c65ba3864f3e1bdfac7979488b8c0c0f6c508339301ff4118f66d9e91be789ee"
"YQBZxpz5","143","8","2026-10-03 10:25:30.623+00","2026-10-03","https://concurrent.example","browser","c65ba3864f3e1bdfac7979488b8c0c0f6c508339301ff4118f66d9e91be789ee"
"YQBZxpz5","144","8","2026-10-03 10:25:30.644+00","2026-10-03","https://concurrent.example","browser","c65ba3864f3e1bdfac7979488b8c0c0f6c508339301ff4118f66d9e91be789ee"
"YQBZxpz5","145","8","2026-10-03 10:25:30.644+00","2026-10-03","https://concurrent.example","browser","c65ba3864f3e1bdfac7979488b8c0c0f6c508339301ff4118f66d9e91be789ee"
"YQBZxpz5","146","8","2026-10-03 10:25:30.645+00","2026-10-03","https://concurrent.example","browser","c65ba3864f3e1bdfac7979488b8c0c0f6c508339301ff4118f66d9e91be789ee"
"YQBZxpz5","147","8","2026-10-03 10:25:30.645+00","2026-10-03","https://concurrent.example","browser","c65ba3864f3e1bdfac7979488b8c0c0f6c508339301ff4118f66d9e91be789ee"
"YQBZxpz5","148","8","2026-10-03 10:25:30.647+00","2026-10-03","https://concurrent.example","browser","c65ba3864f3e1bdfac7979488b8c0c0f6c508339301ff4118f66d9e91be789ee"
"YQBZxpz5","149","8","2026-10-03 10:25:30.647+00","2026-10-03","https://concurrent.example","browser","c65ba3864f3e1bdfac7979488b8c0c0f6c508339301ff4118f66d9e91be789ee"
"YQBZxpz5","150","8","2026-10-03 10:25:30.649+00","2026-10-03","https://concurrent.example","browser","c65ba3864f3e1bdfac7979488b8c0c0f6c508339301ff4118f66d9e91be789ee"
"YQBZxpz5","151","8","2026-10-03 10:25:30.649+00","2026-10-03","https://concurrent.example","browser","c65ba3864f3e1bdfac7979488b8c0c0f6c508339301ff4118f66d9e91be789ee"
"YQBZxpz5","152","8","2026-10-03 10:25:30.653+00","2026-10-03","https://concurrent.example","browser","c65ba3864f3e1bdfac7979488b8c0c0f6c508339301ff4118f66d9e91be789ee"
"YQBZxpz5","153","8","2026-10-03 10:25:30.654+00","2026-10-03","https://concurrent.example","browser","c65ba3864f3e1bdfac7979488b8c0c0f6c508339301ff4118f66d9e91be789ee"
"YQBZxpz5","154","8","2026-10-03 10:25:30.658+00","2026-10-03","https://concurrent.example","browser","c65ba3864f3e1bdfac7979488b8c0c0f6c508339301ff4118f66d9e91be789ee"
"YQBZxpz5","155","8","2026-10-03 10:25:30.66+00","2026-10-03","https://concurrent.example","browser","c65ba3864f3e1bdfac7979488b8c0c0f6c508339301ff4118f66d9e91be789ee"
"YQBZxpz5","156","8","2026-10-03 10:25:30.684+00","2026-10-03","https://concurrent.example","browser","c65ba3864f3e1bdfac7979488b8c0c0f6c508339301ff4118f66d9e91be789ee"
"YQBZxpz5","157","8","2026-10-03 10:25:30.685+00","2026-10-03","https://concurrent.example","browser","c65ba3864f3e1bdfac7979488b8c0c0f6c508339301ff4118f66d9e91be789ee"
"YQBZxpz5","158","8","2026-10-03 10:25:30.685+00","2026-10-03","https://concurrent.example","browser","c65ba3864f3e1bdfac7979488b8c0c0f6c508339301ff4118f66d9e91be789ee"
"YQBZxpz5","159","8","2026-10-03 10:25:30.685+00","2026-10-03","https://concurrent.example","browser","c65ba3864f3e1bdfac7979488b8c0c0f6c508339301ff4118f66d9e91be789ee"
"YQBZxpz5","160","8","2026-10-03 10:25:30.688+00","2026-10-03","https://concurrent.example","browser","c65ba3864f3e1bdfac7979488b8c0c0f6c508339301ff4118f66d9e91be789ee"
"YQBZxpz5","161","8","2026-10-03 10:25:30.688+00","2026-10-03","https://concurrent.example","browser","c65ba3864f3e1bdfac7979488b8c0c0f6c508339301ff4118f66d9e91be789ee"
"YQBZxpz5","162","8","2026-10-03 10:25:30.69+00","2026-10-03","https://concurrent.example","browser","c65ba3864f3e1bdfac7979488b8c0c0f6c508339301ff4118f66d9e91be789ee"
"YQBZxpz5","163","8","2026-10-03 10:25:30.691+00","2026-10-03","https://concurrent.example","browser","c65ba3864f3e1bdfac7979488b8c0c0f6c508339301ff4118f66d9e91be789ee"
"YQBZxpz5","164","8","2026-10-03 10:25:30.716+00","2026-10-03","https://concurrent.example","browser","c65ba3864f3e1bdfac7979488b8c0c0f6c508339301ff4118f66d9e91be789ee"
"YQBZxpz5","165","8","2026-10-03 10:25:30.723+00","2026-10-03","https://concurrent.example","browser","c65ba3864f3e1bdfac7979488b8c0c0f6c508339301ff4118f66d9e91be789ee"
"YQBZxpz5","166","8","2026-10-03 10:25:30.725+00","2026-10-03","https://concurrent.example","browser","c65ba3864f3e1bdfac7979488b8c0c0f6c508339301ff4118f66d9e91be789ee"
"YQBZxpz5","167","8","2026-10-03 10:25:30.739+00","2026-10-03","https://concurrent.example","browser","c65ba3864f3e1bdfac7979488b8c0c0f6c508339301ff4118f66d9e91be789ee"
"YQBZxpz5","168","8","2026-10-03 10:25:30.739+00","2026-10-03","https://concurrent.example","browser","c65ba3864f3e1bdfac7979488b8c0c0f6c508339301ff4118f66d9e91be789ee"
"YQBZxpz5","169","8","2026-10-03 10:25:30.739+00","2026-10-03","https://concurrent.example","browser","c65ba3864f3e1bdfac7979488b8c0c0f6c508339301ff4118f66d9e91be789ee"
"YQBZxpz5","170","8","2026-10-03 10:25:30.74+00","2026-10-03","https://concurrent.example","browser","c65ba3864f3e1bdfac7979488b8c0c0f6c508339301ff4118f66d9e91be789ee"
"YQBZxpz5","171","8","2026-10-03 10:25:30.74+00","2026-10-03","https://concurrent.example","browser","c65ba3864f3e1bdfac7979488b8c0c0f6c508339301ff4118f66d9e91be789ee"
"YQBZxpz5","172","8","2026-10-03 10:25:30.742+00","2026-10-03","https://concurrent.example","browser","c65ba3864f3e1bdfac7979488b8c0c0f6c508339301ff4118f66d9e91be789ee"
"YQBZxpz5","173","8","2026-10-03 10:25:30.742+00","2026-10-03","https://concurrent.example","browser","c65ba3864f3e1bdfac7979488b8c0c0f6c508339301ff4118f66d9e91be789ee"
"YQBZxpz5","174","8","2026-10-03 10:25:30.742+00","2026-10-03","https://concurrent.example","browser","c65ba3864f3e1bdfac7979488b8c0c0f6c508339301ff4118f66d9e91be789ee"
"YQBZxpz5","175","8","2026-10-03 10:25:30.756+00","2026-10-03","https://concurrent.example","browser","c65ba3864f3e1bdfac7979488b8c0c0f6c508339301ff4118f66d9e91be789ee"
"YQBZxpz5","176","8","2026-10-03 10:25:30.774+00","2026-10-03","https://concurrent.example","browser","c65ba3864f3e1bdfac7979488b8c0c0f6c508339301ff4118f66d9e91be789ee"
"YQBZxpz5","177","8","2026-10-03 10:25:30.774+00","2026-10-03","https://concurrent.example","browser","c65ba3864f3e1bdfac7979488b8c0c0f6c508339301ff4118f66d9e91be789ee"
"YQBZxpz5","178","8","2026-10-03 10:25:30.777+00","2026-10-03","https://concurrent.example","browser","c65ba3864f3e1bdfac7979488b8c0c0f6c508339301ff4118f66d9e91be789ee"
"YQBZxpz5","179","8","2026-10-03 10:25:30.778+00","2026-10-03","https://concurrent.example","browser","c65ba3864f3e1bdfac7979488b8c0c0f6c508339301ff4118f66d9e91be789ee"
"YQBZxpz5","180","8","2026-10-03 10:25:30.787+00","2026-10-03","https://concurrent.example","browser","c65ba3864f3e1bdfac7979488b8c0c0f6c508339301ff4118f66d9e91be789ee"
"YQBZxpz5","181","8","2026-10-03 10:25:30.796+00","2026-10-03","https://concurrent.example","browser","c65ba3864f3e1bdfac7979488b8c0c0f6c508339301ff4118f66d9e91be789ee"
"YQBZxpz5","182","8","2026-10-03 10:25:30.796+00","2026-10-03","https://concurrent.example","browser","c65ba3864f3e1bdfac7979488b8c0c0f6c508339301ff4118f66d9e91be789ee"
"YQBZxpz5","183","8","2026-10-03 10:25:30.798+00","2026-10-03","https://concurrent.example","browser","c65ba3864f3e1bdfac7979488b8c0c0f6c508339301ff4118f66d9e91be789ee"
"YQBZxpz5","184","8","2026-10-03 10:25:30.806+00","2026-10-03","https://concurrent.example","browser","c65ba3864f3e1bdfac7979488b8c0c0f6c508339301ff4118f66d9e91be789ee"
"YQBZxpz5","185","8","2026-10-03 10:25:30.808+00","2026-10-03","https://concurrent.example","browser","c65ba3864f3e1bdfac7979488b8c0c0f6c508339301ff4118f66d9e91be789ee"
"YQBZxpz5","186","8","2026-10-03 10:25:30.821+00","2026-10-03","https://concurrent.example","browser","c65ba3864f3e1bdfac7979488b8c0c0f6c508339301ff4118f66d9e91be789ee"
"YQBZxpz5","187","8","2026-10-03 10:25:30.827+00","2026-10-03","https://concurrent.example","browser","c65ba3864f3e1bdfac7979488b8c0c0f6c508339301ff4118f66d9e91be789ee"
"YQBZxpz5","188","8","2026-10-03 10:25:30.827+00","2026-10-03","https://concurrent.example","browser","c65ba3864f3e1bdfac7979488b8c0c0f6c508339301ff4118f66d9e91be789ee"
"YQBZxpz5","189","8","2026-10-03 10:25:30.83+00","2026-10-03","https://concurrent.example","browser","c65ba3864f3e1bdfac7979488b8c0c0f6c508339301ff4118f66d9e91be789ee"
"YQBZxpz5","190","8","2026-10-03 10:25:30.831+00","2026-10-03","https://concurrent.example","browser","c65ba3864f3e1bdfac7979488b8c0c0f6c508339301ff4118f66d9e91be789ee"
"YQBZxpz5","191","8","2026-10-03 10:25:30.839+00","2026-10-03","https://concurrent.example","browser","c65ba3864f3e1bdfac7979488b8c0c0f6c508339301ff4118f66d9e91be789ee"
"YQBZxpz5","192","8","2026-10-03 10:25:30.839+00","2026-10-03","https://concurrent.example","browser","c65ba3864f3e1bdfac7979488b8c0c0f6c508339301ff4118f66d9e91be789ee"
"YQBZxpz5","193","8","2026-10-03 10:25:30.839+00","2026-10-03","https://concurrent.example","browser","c65ba3864f3e1bdfac7979488b8c0c0f6c508339301ff4118f66d9e91be789ee"
"YQBZxpz5","194","8","2026-10-03 10:25:30.839+00","2026-10-03","https://concurrent.example","browser","c65ba3864f3e1bdfac7979488b8c0c0f6c508339301ff4118f66d9e91be789ee"
"YQBZxpz5","195","8","2026-10-03 10:25:30.843+00","2026-10-03","https://concurrent.example","browser","c65ba3864f3e1bdfac7979488b8c0c0f6c508339301ff4118f66d9e91be789ee"
"YQBZxpz5","196","8","2026-10-03 10:25:30.864+00","2026-10-03","https://concurrent.example","browser","c65ba3864f3e1bdfac7979488b8c0c0f6c508339301ff4118f66d9e91be789ee"
"YQBZxpz5","197","8","2026-10-03 10:25:30.873+00","2026-10-03","https://concurrent.example","browser","c65ba3864f3e1bdfac7979488b8c0c0f6c508339301ff4118f66d9e91be789ee"
"YQBZxpz5","198","8","2026-10-03 10:25:30.874+00","2026-10-03","https://concurrent.example","browser","c65ba3864f3e1bdfac7979488b8c0c0f6c508339301ff4118f66d9e91be789ee"
"YQBZxpz5","199","8","2026-10-03 10:25:30.874+00","2026-10-03","https://concurrent.example","browser","c65ba3864f3e1bdfac7979488b8c0c0f6c508339301ff4118f66d9e91be789ee"
"YQBZxpz5","200","8","2026-10-03 10:25:30.88+00","2026-10-03","https://concurrent.example","browser","c65ba3864f3e1bdfac7979488b8c0c0f6c508339301ff4118f66d9e91be789ee"
"YQBZxpz5","201","8","2026-10-03 10:25:30.885+00","2026-10-03","https://concurrent.example","browser","c65ba3864f3e1bdfac7979488b8c0c0f6c508339301ff4118f66d9e91be789ee"
"YQBZxpz5","202","8","2026-10-03 10:25:30.885+00","2026-10-03","https://concurrent.example","browser","c65ba3864f3e1bdfac7979488b8c0c0f6c508339301ff4118f66d9e91be789ee"
"YQBZxpz5","203","8","2026-10-03 10:25:30.885+00","2026-10-03","https://concurrent.example","browser","c65ba3864f3e1bdfac7979488b8c0c0f6c508339301ff4118f66d9e91be789ee"
"YQBZxpz5","204","8","2026-10-03 10:25:30.894+00","2026-10-03","https://concurrent.example","browser","c65ba3864f3e1bdfac7979488b8c0c0f6c508339301ff4118f66d9e91be789ee"
"YQBZxpz5","205","8","2026-10-03 10:25:30.896+00","2026-10-03","https://concurrent.example","browser","c65ba3864f3e1bdfac7979488b8c0c0f6c508339301ff4118f66d9e91be789ee"
"YQBZxpz5","206","8","2026-10-03 10:25:30.898+00","2026-10-03","https://concurrent.example","browser","c65ba3864f3e1bdfac7979488b8c0c0f6c508339301ff4118f66d9e91be789ee"
"YQBZxpz5","207","8","2026-10-03 10:25:30.9+00","2026-10-03","https://concurrent.example","browser","c65ba3864f3e1bdfac7979488b8c0c0f6c508339301ff4118f66d9e91be789ee"
"YQBZxpz5","208","8","2026-10-03 10:25:30.907+00","2026-10-03","https://concurrent.example","browser","c65ba3864f3e1bdfac7979488b8c0c0f6c508339301ff4118f66d9e91be789ee"
"YQBZxpz5","209","8","2026-10-03 10:25:30.913+00","2026-10-03","https://concurrent.example","browser","c65ba3864f3e1bdfac7979488b8c0c0f6c508339301ff4118f66d9e91be789ee"
"YQBZxpz5","210","8","2026-10-03 10:25:30.914+00","2026-10-03","https://concurrent.example","browser","c65ba3864f3e1bdfac7979488b8c0c0f6c508339301ff4118f66d9e91be789ee"
"YQBZxpz5","211","8","2026-10-03 10:25:30.925+00","2026-10-03","https://concurrent.example","browser","c65ba3864f3e1bdfac7979488b8c0c0f6c508339301ff4118f66d9e91be789ee"
"YQBZxpz5","212","8","2026-10-03 10:25:30.925+00","2026-10-03","https://concurrent.example","browser","c65ba3864f3e1bdfac7979488b8c0c0f6c508339301ff4118f66d9e91be789ee"
"YQBZxpz5","213","8","2026-10-03 10:25:30.932+00","2026-10-03","https://concurrent.example","browser","c65ba3864f3e1bdfac7979488b8c0c0f6c508339301ff4118f66d9e91be789ee"
"YQBZxpz5","214","8","2026-10-03 10:25:30.934+00","2026-10-03","https://concurrent.example","browser","c65ba3864f3e1bdfac7979488b8c0c0f6c508339301ff4118f66d9e91be789ee"
"YQBZxpz5","215","8","2026-10-03 10:25:30.934+00","2026-10-03","https://concurrent.example","browser","c65ba3864f3e1bdfac7979488b8c0c0f6c508339301ff4118f66d9e91be789ee"
"YQBZxpz5","216","8","2026-10-03 10:25:30.949+00","2026-10-03","https://concurrent.example","browser","c65ba3864f3e1bdfac7979488b8c0c0f6c508339301ff4118f66d9e91be789ee"
"YQBZxpz5","217","8","2026-10-03 10:25:30.951+00","2026-10-03","https://concurrent.example","browser","c65ba3864f3e1bdfac7979488b8c0c0f6c508339301ff4118f66d9e91be789ee"
"YQBZxpz5","218","8","2026-10-03 10:25:30.953+00","2026-10-03","https://concurrent.example","browser","c65ba3864f3e1bdfac7979488b8c0c0f6c508339301ff4118f66d9e91be789ee"
"YQBZxpz5","219","8","2026-10-03 10:25:30.953+00","2026-10-03","https://concurrent.example","browser","c65ba3864f3e1bdfac7979488b8c0c0f6c508339301ff4118f66d9e91be789ee"
"YQBZxpz5","220","8","2026-10-03 10:25:30.955+00","2026-10-03","https://concurrent.example","browser","c65ba3864f3e1bdfac7979488b8c0c0f6c508339301ff4118f66d9e91be789ee"
"YQBZxpz5","221","8","2026-10-03 10:25:30.966+00","2026-10-03","https://concurrent.example","browser","c65ba3864f3e1bdfac7979488b8c0c0f6c508339301ff4118f66d9e91be789ee"
"YQBZxpz5","222","8","2026-10-03 10:25:30.966+00","2026-10-03","https://concurrent.example","browser","c65ba3864f3e1bdfac7979488b8c0c0f6c508339301ff4118f66d9e91be789ee"
"YQBZxpz5","223","8","2026-10-03 10:25:30.966+00","2026-10-03","https://concurrent.example","browser","c65ba3864f3e1bdfac7979488b8c0c0f6c508339301ff4118f66d9e91be789ee"
"YQBZxpz5","224","8","2026-10-03 10:25:30.968+00","2026-10-03","https://concurrent.example","browser","c65ba3864f3e1bdfac7979488b8c0c0f6c508339301ff4118f66d9e91be789ee"
"YQBZxpz5","225","8","2026-10-03 10:25:30.973+00","2026-10-03","https://concurrent.example","browser","c65ba3864f3e1bdfac7979488b8c0c0f6c508339301ff4118f66d9e91be789ee"
"YQBZxpz5","226","8","2026-10-03 10:25:30.98+00","2026-10-03","https://concurrent.example","browser","c65ba3864f3e1bdfac7979488b8c0c0f6c508339301ff4118f66d9e91be789ee"
"YQBZxpz5","227","8","2026-10-03 10:25:30.983+00","2026-10-03","https://concurrent.example","browser","c65ba3864f3e1bdfac7979488b8c0c0f6c508339301ff4118f66d9e91be789ee"
"YQBZxpz5","228","8","2026-10-03 10:25:30.989+00","2026-10-03","https://concurrent.example","browser","c65ba3864f3e1bdfac7979488b8c0c0f6c508339301ff4118f66d9e91be789ee"
"YQBZxpz5","229","8","2026-10-03 10:25:30.992+00","2026-10-03","https://concurrent.example","browser","c65ba3864f3e1bdfac7979488b8c0c0f6c508339301ff4118f66d9e91be789ee"
"YQBZxpz5","230","8","2026-10-03 10:25:30.992+00","2026-10-03","https://concurrent.example","browser","c65ba3864f3e1bdfac7979488b8c0c0f6c508339301ff4118f66d9e91be789ee"
"YQBZxpz5","231","8","2026-10-03 10:25:31.003+00","2026-10-03","https://concurrent.example","browser","c65ba3864f3e1bdfac7979488b8c0c0f6c508339301ff4118f66d9e91be789ee"
"YQBZxpz5","232","8","2026-10-03 10:25:31.005+00","2026-10-03","https://concurrent.example","browser","c65ba3864f3e1bdfac7979488b8c0c0f6c508339301ff4118f66d9e91be789ee"
"YQBZxpz5","233","8","2026-10-03 10:25:31.006+00","2026-10-03","https://concurrent.example","browser","c65ba3864f3e1bdfac7979488b8c0c0f6c508339301ff4118f66d9e91be789ee"
"YQBZxpz5","234","8","2026-10-03 10:25:31.007+00","2026-10-03","https://concurrent.example","browser","c65ba3864f3e1bdfac7979488b8c0c0f6c508339301ff4118f66d9e91be789ee"
"YQBZxpz5","235","8","2026-10-03 10:25:31.007+00","2026-10-03","https://concurrent.example","browser","c65ba3864f3e1bdfac7979488b8c0c0f6c508339301ff4118f66d9e91be789ee"
"YQBZxpz5","236","8","2026-10-03 10:25:31.017+00","2026-10-03","https://concurrent.example","browser","c65ba3864f3e1bdfac7979488b8c0c0f6c508339301ff4118f66d9e91be789ee"
"YQBZxpz5","237","8","2026-10-03 10:25:31.021+00","2026-10-03","https://concurrent.example","browser","c65ba3864f3e1bdfac7979488b8c0c0f6c508339301ff4118f66d9e91be789ee"
"YQBZxpz5","238","8","2026-10-03 10:25:31.023+00","2026-10-03","https://concurrent.example","browser","c65ba3864f3e1bdfac7979488b8c0c0f6c508339301ff4118f66d9e91be789ee"
"YQBZxpz5","239","8","2026-10-03 10:25:31.031+00","2026-10-03","https://concurrent.example","browser","c65ba3864f3e1bdfac7979488b8c0c0f6c508339301ff4118f66d9e91be789ee"
"YQBZxpz5","240","8","2026-10-03 10:25:31.039+00","2026-10-03","https://concurrent.example","browser","c65ba3864f3e1bdfac7979488b8c0c0f6c508339301ff4118f66d9e91be789ee"
"YQBZxpz5","241","8","2026-10-03 10:25:31.049+00","2026-10-03","https://concurrent.example","browser","c65ba3864f3e1bdfac7979488b8c0c0f6c508339301ff4118f66d9e91be789ee"
"YQBZxpz5","242","8","2026-10-03 10:25:31.049+00","2026-10-03","https://concurrent.example","browser","c65ba3864f3e1bdfac7979488b8c0c0f6c508339301ff4118f66d9e91be789ee"
"YQBZxpz5","243","8","2026-10-03 10:25:31.049+00","2026-10-03","https://concurrent.example","browser","c65ba3864f3e1bdfac7979488b8c0c0f6c508339301ff4118f66d9e91be789ee"
"YQBZxpz5","244","8","2026-10-03 10:25:31.053+00","2026-10-03","https://concurrent.example","browser","c65ba3864f3e1bdfac7979488b8c0c0f6c508339301ff4118f66d9e91be789ee"
"YQBZxpz5","245","8","2026-10-03 10:25:31.053+00","2026-10-03","https://concurrent.example","browser","c65ba3864f3e1bdfac7979488b8c0c0f6c508339301ff4118f66d9e91be789ee"
"YQBZxpz5","246","8","2026-10-03 10:25:31.063+00","2026-10-03","https://concurrent.example","browser","c65ba3864f3e1bdfac7979488b8c0c0f6c508339301ff4118f66d9e91be789ee"
"YQBZxpz5","247","8","2026-10-03 10:25:31.064+00","2026-10-03","https://concurrent.example","browser","c65ba3864f3e1bdfac7979488b8c0c0f6c508339301ff4118f66d9e91be789ee"
"YQBZxpz5","248","8","2026-10-03 10:25:31.079+00","2026-10-03","https://concurrent.example","browser","c65ba3864f3e1bdfac7979488b8c0c0f6c508339301ff4118f66d9e91be789ee"
"YQBZxpz5","249","8","2026-10-03 10:25:31.079+00","2026-10-03","https://concurrent.example","browser","c65ba3864f3e1bdfac7979488b8c0c0f6c508339301ff4118f66d9e91be789ee"
"YQBZxpz5","250","8","2026-10-03 10:25:31.079+00","2026-10-03","https://concurrent.example","browser","c65ba3864f3e1bdfac7979488b8c0c0f6c508339301ff4118f66d9e91be789ee"
"YQBZxpz5","251","8","2026-10-03 10:25:31.086+00","2026-10-03","https://concurrent.example","browser","c65ba3864f3e1bdfac7979488b8c0c0f6c508339301ff4118f66d9e91be789ee"
"YQBZxpz5","252","8","2026-10-03 10:25:31.086+00","2026-10-03","https://concurrent.example","browser","c65ba3864f3e1bdfac7979488b8c0c0f6c508339301ff4118f66d9e91be789ee"
"YQBZxpz5","253","8","2026-10-03 10:25:31.086+00","2026-10-03","https://concurrent.example","browser","c65ba3864f3e1bdfac7979488b8c0c0f6c508339301ff4118f66d9e91be789ee"
"YQBZxpz5","254","8","2026-10-03 10:25:31.09+00","2026-10-03","https://concurrent.example","browser","c65ba3864f3e1bdfac7979488b8c0c0f6c508339301ff4118f66d9e91be789ee"
"YQBZxpz5","255","8","2026-10-03 10:25:31.09+00","2026-10-03","https://concurrent.example","browser","c65ba3864f3e1bdfac7979488b8c0c0f6c508339301ff4118f66d9e91be789ee"
"2SGSBDv4","256","22","2026-10-03 10:26:08.792+00","2026-10-03",,"unknown","c65ba3864f3e1bdfac7979488b8c0c0f6c508339301ff4118f66d9e91be789ee"
"2SGSBDv4","257","22","2026-10-03 10:26:08.826+00","2026-10-03",,"unknown","c65ba3864f3e1bdfac7979488b8c0c0f6c508339301ff4118f66d9e91be789ee"
