"ID","CODE","URL","CREATED_AT","RETIRED_AT","IDEMPOTENCY_KEY"
"1","34YTSBd9","https://target.example/qa/representative","2026-10-03 03:21:41.847-07",,"qa-analytics-862c52e"
"2","u49IEypD","https://target.example/qa/seven","2026-10-03 03:21:41.967-07",,
"3","SIK1Nx8a","https://target.example/qa/ranking","2026-10-03 03:21:42.021-07",,
"4","cV8KAkGR","https://target.example/qa/empty","2026-10-03 03:21:42.075-07",,
"5","mzLlZAfs","https://target.example/qa/retiredEmpty","2026-10-03 03:21:42.144-07","2026-10-03 03:21:43.477-07",
"6","hxqmpWrE","https://target.example/qa/retiredFour","2026-10-03 03:21:42.203-07","2026-10-03 03:21:43.532-07",
"7","RqYAOyTJ","https://target.example/qa/failed","2026-10-03 03:21:42.286-07",,
"8","YQBZxpz5","https://target.example/qa/concurrent","2026-10-03 03:21:42.36-07",,
"9","H2LoUk7L","https://target.example/qa/ref0","2026-10-03 03:21:42.421-07",,
"10","sITLB15i","https://target.example/qa/ref1","2026-10-03 03:21:42.493-07",,
"11","hC98FrVM","https://target.example/qa/ref2","2026-10-03 03:21:42.569-07",,
"12","alJa2zLi","https://target.example/qa/ref3","2026-10-03 03:21:42.627-07",,
"13","59pDEDxs","https://target.example/qa/ref4","2026-10-03 03:21:42.683-07",,
"14","uU1xlFkJ","https://target.example/qa/ref5","2026-10-03 03:21:42.737-07",,
"15","unsgF7aq","https://target.example/qa/ref6","2026-10-03 03:21:42.793-07",,
"16","4auUX97o","https://target.example/qa/ua0","2026-10-03 03:21:42.846-07",,
"17","OwzWlhPb","https://target.example/qa/ua1","2026-10-03 03:21:42.9-07",,
"18","Pnf4fV5h","https://target.example/qa/ua2","2026-10-03 03:21:42.953-07",,
"19","qtQoXh63","https://target.example/qa/ua3","2026-10-03 03:21:43.012-07",,
"20","4Gv9TwLb","https://target.example/qa/ua4","2026-10-03 03:21:43.073-07",,
"21","GaoLtdUZ","https://target.example/qa/ua5","2026-10-03 03:21:43.148-07",,
"22","2SGSBDv4","https://target.example/qa/ua6","2026-10-03 03:21:43.202-07",,
