ID,OCCURRED_AT,ACTOR,ACTION,ENTITY,ENTITY_ID,REQUEST_ID,BEFORE_STATE,AFTER_STATE
"1","2026-10-03 13:09:59.007+00","anonymous","link.create","link","en4Occdt","d5961a4e-9e96-4581-b76f-61cdf3a255c0",,"{""url"":""https://example.com/qa03"",""state"":""active""}"
"2","2026-10-03 13:09:59.007+00","anonymous","link.create","link","OPoNxFhb","c08e2ed2-c3ab-40a9-bbd5-6af6a6739d74",,"{""url"":""https://example.com/qa03"",""state"":""active""}"
"3","2026-10-03 13:09:59.007+00","anonymous","link.create","link","Q7L4YbdD","b702a622-13c4-47af-ab38-27ff8a62f1e6",,"{""url"":""https://example.com/qa03"",""state"":""active""}"
"4","2026-10-03 13:09:59.007+00","anonymous","link.create","link","8BwnFNvI","02ec7bbe-af49-42a7-b788-f41fa07c03e3",,"{""url"":""https://example.com/qa03"",""state"":""active""}"
"5","2026-10-03 13:09:59.007+00","anonymous","link.create","link","tu4FRIqQ","b900d9c6-56a3-49bd-9945-ead593b1626e",,"{""url"":""https://example.com/qa03"",""state"":""active""}"
"6","2026-10-03 13:09:59.007+00","anonymous","link.create","link","lMAEfyhC","72599fb6-3514-41c4-9411-18dcb978cc4e",,"{""url"":""https://example.com/qa03"",""state"":""active""}"
"7","2026-10-03 13:09:59.007+00","anonymous","link.create","link","SBbfWR0B","4d1d0682-015c-4b05-8903-25b839f29420",,"{""url"":""https://example.com/qa03"",""state"":""active""}"
"8","2026-10-03 13:09:59.007+00","anonymous","link.create","link","I5YFXhmZ","0dc0d36a-fcf0-47b6-a87b-1840bd1d2063",,"{""url"":""https://example.com/qa03"",""state"":""active""}"
"9","2026-10-03 13:09:59.007+00","anonymous","link.create","link","Aoj4Y67I","dc7c5090-182d-4cb8-a572-faec311b31eb",,"{""url"":""https://example.com/qa03"",""state"":""active""}"
"10","2026-10-03 13:09:59.007+00","anonymous","link.create","link","9et12tvR","68db9710-6ff8-48de-9a6f-7acb0168f4c5",,"{""url"":""https://example.com/qa03"",""state"":""active""}"
"11","2026-10-03 13:09:59.007+00","anonymous","link.create","link","bNo1LgSC","707e08c1-9010-4b53-a7ff-4f7c90f6c4ea",,"{""url"":""https://example.com/qa03"",""state"":""active""}"
"12","2026-10-03 13:09:59.007+00","anonymous","link.create","link","9KObbPjs","7cf9d3c7-a553-47b0-aed6-12e573e38025",,"{""url"":""https://example.com/qa03"",""state"":""active""}"
"13","2026-10-03 13:09:59.007+00","anonymous","link.create","link","HclUnrrh","4e234756-557a-4556-bc55-65919547f685",,"{""url"":""https://example.com/qa03"",""state"":""active""}"
"14","2026-10-03 13:09:59.007+00","anonymous","link.create","link","vBvvBoMb","3045ec88-eba8-4d06-aea1-3dd5e4a47bc1",,"{""url"":""https://example.com/qa03"",""state"":""active""}"
"15","2026-10-03 13:09:59.007+00","anonymous","link.create","link","ZezhyDKk","3c35c9bf-a6d1-4240-a7a5-d6d8a7d4d86f",,"{""url"":""https://example.com/qa03"",""state"":""active""}"
"16","2026-10-03 13:09:59.007+00","anonymous","link.create","link","unLO56Lq","fc177f90-c8fd-464e-ba2d-7410441a373f",,"{""url"":""https://example.com/qa03"",""state"":""active""}"
"17","2026-10-03 13:09:59.007+00","anonymous","link.create","link","QkgbvJKf","07c69215-571a-4312-b644-25c0ebd21f66",,"{""url"":""https://example.com/qa03"",""state"":""active""}"
"18","2026-10-03 13:09:59.007+00","anonymous","link.create","link","Mn2Tu6d7","b7db74e5-40a7-4d7b-b3ff-bae3ece5a368",,"{""url"":""https://example.com/qa03"",""state"":""active""}"
"19","2026-10-03 13:09:59.007+00","anonymous","link.create","link","J1e47SH9","f8dca147-bb6b-4f59-9e36-442729578f0d",,"{""url"":""https://example.com/qa03"",""state"":""active""}"
"20","2026-10-03 13:09:59.007+00","anonymous","link.create","link","5PfQ58yS","c51bcf9c-251e-4de0-a84b-f9653a40cdb7",,"{""url"":""https://example.com/qa03"",""state"":""active""}"
"21","2026-10-03 13:09:59.007+00","anonymous","link.create","link","0vSwPV6j","f2da2fd6-7d2b-4410-9f12-2cc3689a1524",,"{""url"":""https://example.com/qa03"",""state"":""active""}"
"22","2026-10-03 13:09:59.007+00","anonymous","link.create","link","BOVxffF8","13ff26d4-1694-42ee-844b-62e76269f095",,"{""url"":""https://example.com/qa03"",""state"":""active""}"
"23","2026-10-03 13:09:59.007+00","anonymous","link.create","link","9VbBJPWu","04a020f8-4295-4ce3-b9a3-5deef99db270",,"{""url"":""https://example.com/qa03"",""state"":""active""}"
"24","2026-10-03 13:09:59.007+00","anonymous","link.create","link","GUoDdobO","30b2e0d3-baee-408e-9270-a7e92479f524",,"{""url"":""https://example.com/qa03"",""state"":""active""}"
"25","2026-10-03 13:09:59.007+00","anonymous","link.create","link","9vwpAAws","0e81b2bf-f775-47e6-bfe8-45fa8e26cc60",,"{""url"":""https://example.com/qa03"",""state"":""active""}"
"26","2026-10-03 13:09:59.007+00","anonymous","link.create","link","dAXFQ15M","1d6c2c7e-c439-4b23-979a-3e8fe8370e77",,"{""url"":""https://example.com/qa03"",""state"":""active""}"
"27","2026-10-03 13:09:59.007+00","anonymous","link.create","link","8LEge2j6","115aa9b4-a7d5-4ed2-a002-4a4114147c84",,"{""url"":""https://example.com/qa03"",""state"":""active""}"
"28","2026-10-03 13:09:59.007+00","anonymous","link.create","link","0hX3Keg4","daab6579-e8f0-489d-acae-c0bc21d1d99d",,"{""url"":""https://example.com/qa03"",""state"":""active""}"
"29","2026-10-03 13:09:59.007+00","anonymous","link.create","link","bmNTqcBt","b2402c34-71f6-4f98-b743-13e8c8670730",,"{""url"":""https://example.com/qa03"",""state"":""active""}"
"30","2026-10-03 13:09:59.007+00","anonymous","link.create","link","Pvy57tBD","ea5f87df-aa93-446d-9e9e-b3e6e2587089",,"{""url"":""https://example.com/qa03"",""state"":""active""}"
"31","2026-10-03 13:09:59.007+00","anonymous","link.create","link","Yag54rST","132132f4-7135-4df0-861f-dd2ad1cf16c7",,"{""url"":""https://example.com/qa03"",""state"":""active""}"
"32","2026-10-03 13:09:59.007+00","anonymous","link.create","link","6KPWADbW","54c3f978-61ab-4710-a4cd-515ea783e043",,"{""url"":""https://example.com/qa03"",""state"":""active""}"
"33","2026-10-03 13:09:59.007+00","anonymous","link.create","link","DNG384lQ","f618691a-33b7-46a0-ae34-1d065ed9e0d0",,"{""url"":""https://example.com/qa03"",""state"":""active""}"
"34","2026-10-03 13:09:59.007+00","anonymous","link.create","link","vK4xqci1","71908ab8-c720-4979-a44f-fe4deecc5ab6",,"{""url"":""https://example.com/qa03"",""state"":""active""}"
"35","2026-10-03 13:09:59.007+00","anonymous","link.create","link","rAgOdFwS","432cd78d-bb5c-4437-b9f3-c0beda81b4d9",,"{""url"":""https://example.com/qa03"",""state"":""active""}"
"36","2026-10-03 13:09:59.007+00","anonymous","link.create","link","t3veUQxj","7a39b2ef-4424-42fd-a134-1585a4826aeb",,"{""url"":""https://example.com/qa03"",""state"":""active""}"
"37","2026-10-03 13:09:59.007+00","anonymous","link.create","link","3ivrFjSj","00ba8598-4574-43db-a5e6-9ace70dd1f5d",,"{""url"":""https://example.com/qa03"",""state"":""active""}"
"38","2026-10-03 13:09:59.007+00","anonymous","link.create","link","993fd8jM","953018ae-7266-49fb-acb0-f3d8cd3c43f5",,"{""url"":""https://example.com/qa03"",""state"":""active""}"
"39","2026-10-03 13:09:59.007+00","anonymous","link.create","link","bx2dtfSy","9a9b4a0f-822f-4809-9669-ec3b478007f7",,"{""url"":""https://example.com/qa03"",""state"":""active""}"
"40","2026-10-03 13:09:59.007+00","anonymous","link.create","link","svwzqhab","883f0970-aee9-4786-8581-ce1534a63b2e",,"{""url"":""https://example.com/qa03"",""state"":""active""}"
"41","2026-10-03 13:09:59.007+00","anonymous","link.create","link","V8A4lL8O","b7503ad6-43b3-48e4-b220-a56773ea4b3f",,"{""url"":""https://example.com/qa03"",""state"":""active""}"
"42","2026-10-03 13:09:59.007+00","anonymous","link.create","link","tNZ9ngAg","499e91fb-4895-4d44-9e02-398e81abfaea",,"{""url"":""https://example.com/qa03"",""state"":""active""}"
"43","2026-10-03 13:09:59.007+00","anonymous","link.create","link","Qd2Qv9u8","43bb9388-a7c3-4d77-ab6f-301327a1c2eb",,"{""url"":""https://example.com/qa03"",""state"":""active""}"
"44","2026-10-03 13:09:59.007+00","anonymous","link.create","link","DUUUrhSv","695c53c9-6dfa-4202-8514-50be32de1d64",,"{""url"":""https://example.com/qa03"",""state"":""active""}"
"45","2026-10-03 13:09:59.007+00","anonymous","link.create","link","5QgjPIAi","e711d40f-bb76-43c2-a532-edbe9a39e287",,"{""url"":""https://example.com/qa03"",""state"":""active""}"
"46","2026-10-03 13:09:59.007+00","anonymous","link.create","link","lJ3szpLc","8f9cbfa8-8040-48b3-9b2c-c55ff8cdcfde",,"{""url"":""https://example.com/qa03"",""state"":""active""}"
"47","2026-10-03 13:09:59.007+00","anonymous","link.create","link","fIk9qiE9","6a968071-120c-4107-9025-c3247b8d8d8b",,"{""url"":""https://example.com/qa03"",""state"":""active""}"
"48","2026-10-03 13:09:59.007+00","anonymous","link.create","link","O3xVGy7F","d98deea0-197a-4de8-8083-1c78c178f73e",,"{""url"":""https://example.com/qa03"",""state"":""active""}"
"49","2026-10-03 13:09:59.007+00","anonymous","link.create","link","0lCrVtT1","217c7f27-3eb0-4970-80d4-aa22fb6bf5f6",,"{""url"":""https://example.com/qa03"",""state"":""active""}"
"50","2026-10-03 13:09:59.007+00","anonymous","link.create","link","MoyH5omP","f541793f-8e00-49ef-a4eb-bbde65a1a990",,"{""url"":""https://example.com/qa03"",""state"":""active""}"
"51","2026-10-03 13:09:59.007+00","anonymous","link.create","link","iBpPnWKT","7c4b23ba-301f-412d-ab2e-8f9be37776db",,"{""url"":""https://example.com/qa03"",""state"":""active""}"
"52","2026-10-03 13:09:59.007+00","anonymous","link.create","link","dGCLwTJ4","224dc31a-e234-4e69-bccf-4eb56dbbeb85",,"{""url"":""https://example.com/qa03"",""state"":""active""}"
"53","2026-10-03 13:09:59.007+00","anonymous","link.create","link","JwQcdHCw","5a9bf6a9-1127-465f-b27a-7426a5df79a3",,"{""url"":""https://example.com/qa03"",""state"":""active""}"
"54","2026-10-03 13:09:59.007+00","anonymous","link.create","link","ndF8qIgX","ca6b2e52-c32d-4ef2-a8ab-d38fd1837c1c",,"{""url"":""https://example.com/qa03"",""state"":""active""}"
"55","2026-10-03 13:09:59.007+00","anonymous","link.create","link","hj807txQ","de862043-b4eb-45e4-abe6-6a2d8c35548a",,"{""url"":""https://example.com/qa03"",""state"":""active""}"
"56","2026-10-03 13:09:59.007+00","anonymous","link.create","link","VDhxv1hE","59d9956c-51fb-4e0a-8dde-7fb1fe10a2b4",,"{""url"":""https://example.com/qa03"",""state"":""active""}"
"57","2026-10-03 13:09:59.007+00","anonymous","link.create","link","GBt8Rffv","95cff32a-b6c5-4fc3-b9a0-58a9c5d72e86",,"{""url"":""https://example.com/qa03"",""state"":""active""}"
"58","2026-10-03 13:09:59.007+00","anonymous","link.create","link","PsjxNOJp","26592773-a0cb-4b6a-a383-56097027debf",,"{""url"":""https://example.com/qa03"",""state"":""active""}"
"59","2026-10-03 13:09:59.007+00","anonymous","link.create","link","U9il1aZW","6022c997-a3eb-4fa6-b4be-3a79fbdabc69",,"{""url"":""https://example.com/qa03"",""state"":""active""}"
"60","2026-10-03 13:09:59.007+00","anonymous","link.create","link","eOQKE9St","d2220c65-65df-40c0-bfb7-a3369908a68f",,"{""url"":""https://example.com/qa03"",""state"":""active""}"
"61","2026-10-03 13:10:00.007+00","anonymous","link.create","link","kwoBN7oo","51db09ae-eada-4189-9cca-e9e403418a00",,"{""url"":""https://example.com/qa03"",""state"":""active""}"
"62","2026-10-03 13:10:01.257+00","anonymous","link.create","link","BXV38KNI","dbb27bf1-4ff7-4d16-8471-4039146c337b",,"{""url"":""https://example.com/qa03"",""state"":""active""}"
"63","2026-10-03 13:11:01.257+00","anonymous","link.create","link","hqATwaLk","fe2ff96b-57e9-4bd1-a7e4-df5a065b5374",,"{""url"":""https://example.com/qa03"",""state"":""active""}"
"64","2026-10-03 13:11:01.257+00","anonymous","link.create","link","ovFl7oWm","8d92bcb4-0fb0-400c-91b8-0ab39411c1ea",,"{""url"":""https://example.com/qa03"",""state"":""active""}"
"65","2026-10-03 13:11:01.257+00","anonymous","link.create","link","CIRD30Mp","cc32e0b1-0df6-4900-9ec6-7c91bb715ea6",,"{""url"":""https://example.com/qa03"",""state"":""active""}"
"66","2026-10-03 13:11:01.257+00","anonymous","link.create","link","WDzBJ3zs","0bb23a86-3802-4e05-9843-b3c0ae8963c1",,"{""url"":""https://example.com/qa03"",""state"":""active""}"
"67","2026-10-03 13:11:01.257+00","anonymous","link.create","link","SWGTMds4","cdce87cc-cc29-419a-b261-fab4be812336",,"{""url"":""https://example.com/qa03"",""state"":""active""}"
"68","2026-10-03 13:11:01.257+00","anonymous","link.create","link","h0c8KRvX","cfb8288b-e89f-488f-9fe7-43305178ecb6",,"{""url"":""https://example.com/qa03"",""state"":""active""}"
"69","2026-10-03 13:11:01.257+00","anonymous","link.create","link","Ekxvnh9s","468f5525-32cd-4022-bc6d-8d3693166498",,"{""url"":""https://example.com/qa03"",""state"":""active""}"
"70","2026-10-03 13:11:01.257+00","anonymous","link.create","link","arNXKIRy","ee881f56-32b9-46dc-8b37-63dbc3792bfd",,"{""url"":""https://example.com/qa03"",""state"":""active""}"
"71","2026-10-03 13:11:01.257+00","anonymous","link.create","link","RWq3Mxwx","ee0aa0a7-e317-4dcd-be25-0eca6399cf82",,"{""url"":""https://example.com/qa03"",""state"":""active""}"
"72","2026-10-03 13:11:01.257+00","anonymous","link.create","link","zbwYXvO4","44921108-aba6-4131-b905-4a31ce481f35",,"{""url"":""https://example.com/qa03"",""state"":""active""}"
"73","2026-10-03 13:11:01.257+00","anonymous","link.create","link","MwDoXL1R","7df20c94-6524-4d62-8f3a-d9de46cd887c",,"{""url"":""https://example.com/qa03"",""state"":""active""}"
"74","2026-10-03 13:11:01.257+00","anonymous","link.create","link","CY7SCYck","65c2926a-b1df-4240-8b7b-6d0c2b11e28e",,"{""url"":""https://example.com/qa03"",""state"":""active""}"
"75","2026-10-03 13:11:01.257+00","anonymous","link.create","link","OHge4XGO","37fa05a7-ccc8-49d1-9bfc-77091106c312",,"{""url"":""https://example.com/qa03"",""state"":""active""}"
"76","2026-10-03 13:11:01.257+00","anonymous","link.create","link","8OBIRSXD","a3ac4dac-3d62-4933-a37a-d963fb0acf15",,"{""url"":""https://example.com/qa03"",""state"":""active""}"
"77","2026-10-03 13:11:01.257+00","anonymous","link.create","link","vtofff9L","4e028e7c-dc54-4fcf-9aff-f3c396d5fe42",,"{""url"":""https://example.com/qa03"",""state"":""active""}"
"78","2026-10-03 13:11:01.257+00","anonymous","link.create","link","2E3JAmB0","6b2fb5eb-ac20-4c6f-8086-abbb74cd0f7c",,"{""url"":""https://example.com/qa03"",""state"":""active""}"
"79","2026-10-03 13:11:01.257+00","anonymous","link.create","link","KaMTDkpE","f0423b99-83f3-4807-9ebd-9d2752ab2263",,"{""url"":""https://example.com/qa03"",""state"":""active""}"
"80","2026-10-03 13:11:01.257+00","anonymous","link.create","link","rSxjf7dX","173185bd-5167-4100-9561-74b055b3b15e",,"{""url"":""https://example.com/qa03"",""state"":""active""}"
"81","2026-10-03 13:11:01.257+00","anonymous","link.create","link","PBB7mNW8","f2792c77-5b7d-4344-b236-99563d273de7",,"{""url"":""https://example.com/qa03"",""state"":""active""}"
"82","2026-10-03 13:11:01.257+00","anonymous","link.create","link","IibC5k3S","9d216267-8711-4f64-98e2-0fbcdb6910ce",,"{""url"":""https://example.com/qa03"",""state"":""active""}"
"83","2026-10-03 13:11:01.257+00","anonymous","link.create","link","oDQ8z1JF","ca595d66-4fb9-4775-9f3f-953c3be3ff8a",,"{""url"":""https://example.com/qa03"",""state"":""active""}"
"84","2026-10-03 13:11:01.257+00","anonymous","link.create","link","BG8dTHUY","0eee9986-e47a-46dc-bdef-68affa39cbb2",,"{""url"":""https://example.com/qa03"",""state"":""active""}"
"85","2026-10-03 13:11:01.257+00","anonymous","link.create","link","n71bxaZU","557ea57a-f8f2-4fa3-99fb-71aa1350d48b",,"{""url"":""https://example.com/qa03"",""state"":""active""}"
"86","2026-10-03 13:11:01.257+00","anonymous","link.create","link","aoysc6Bf","3414d77c-018e-43d7-ba25-9ebbd711bf28",,"{""url"":""https://example.com/qa03"",""state"":""active""}"
"87","2026-10-03 13:11:01.257+00","anonymous","link.create","link","DB2RKIq3","5aa43af3-9c5d-4525-8664-b42ec91463b6",,"{""url"":""https://example.com/qa03"",""state"":""active""}"
"88","2026-10-03 13:11:01.257+00","anonymous","link.create","link","yW1di7Ch","51ffab97-7845-4409-83e2-fe2bb798f463",,"{""url"":""https://example.com/qa03"",""state"":""active""}"
"89","2026-10-03 13:11:01.257+00","anonymous","link.create","link","O4DgedRE","fa76dc82-8ce6-40d2-ac76-788b803bc8df",,"{""url"":""https://example.com/qa03"",""state"":""active""}"
"90","2026-10-03 13:11:01.257+00","anonymous","link.create","link","wgzOxp4s","a82a8bb1-3269-46a1-9aef-95795b251bb0",,"{""url"":""https://example.com/qa03"",""state"":""active""}"
"91","2026-10-03 13:11:01.257+00","anonymous","link.create","link","uuubaanN","b30c3d3e-7e0a-4912-920f-94922446820e",,"{""url"":""https://example.com/qa03"",""state"":""active""}"
"92","2026-10-03 13:11:01.257+00","anonymous","link.create","link","f8dcwvWL","dd2652b2-316c-4cf3-8a4c-6b5df28c1ece",,"{""url"":""https://example.com/qa03"",""state"":""active""}"
"93","2026-10-03 13:11:01.257+00","anonymous","link.create","link","MaDw2Er0","9b9939b9-2498-4de4-8f76-8c9b813456f5",,"{""url"":""https://example.com/qa03"",""state"":""active""}"
"94","2026-10-03 13:11:01.257+00","anonymous","link.create","link","XGYuBJQB","77701c5d-02d1-4f3c-9397-cf818799acbd",,"{""url"":""https://example.com/qa03"",""state"":""active""}"
"95","2026-10-03 13:11:01.257+00","anonymous","link.create","link","po1AskPr","1b46bde3-51dd-44b8-82e7-22c587d68873",,"{""url"":""https://example.com/qa03"",""state"":""active""}"
"96","2026-10-03 13:11:01.257+00","anonymous","link.create","link","VjqCm73N","76681cd5-6275-4018-8182-5e95a684a783",,"{""url"":""https://example.com/qa03"",""state"":""active""}"
"97","2026-10-03 13:11:01.257+00","anonymous","link.create","link","MYifrhkS","461904ed-84ac-4667-a403-8f63d9da7984",,"{""url"":""https://example.com/qa03"",""state"":""active""}"
"98","2026-10-03 13:11:01.257+00","anonymous","link.create","link","W4j32Hb6","4b0f7a36-dda9-4068-97e0-aa540970e943",,"{""url"":""https://example.com/qa03"",""state"":""active""}"
"99","2026-10-03 13:11:01.257+00","anonymous","link.create","link","TM8MdNSB","c8df51ae-a943-45eb-b9fc-1e9a28ab1152",,"{""url"":""https://example.com/qa03"",""state"":""active""}"
"100","2026-10-03 13:11:01.257+00","anonymous","link.create","link","iWkgoF6T","7d0e5968-c70d-4a02-b7ba-a9ba4cf9bb96",,"{""url"":""https://example.com/qa03"",""state"":""active""}"
"101","2026-10-03 13:11:01.257+00","anonymous","link.create","link","4T6R70lI","43c2aef8-2a8a-48a1-993f-76a29a281b61",,"{""url"":""https://example.com/qa03"",""state"":""active""}"
"102","2026-10-03 13:11:01.257+00","anonymous","link.create","link","MVVC067C","6225e271-45d9-40f2-96f8-e8658969c68a",,"{""url"":""https://example.com/qa03"",""state"":""active""}"
"103","2026-10-03 13:11:01.257+00","anonymous","link.create","link","oNWDWA2V","b45db455-596d-4ed1-a5b9-52737a37d7a1",,"{""url"":""https://example.com/qa03"",""state"":""active""}"
"104","2026-10-03 13:11:01.257+00","anonymous","link.create","link","k8rIwpTp","156c8ded-4de3-44fe-b323-fad3f6e22f5a",,"{""url"":""https://example.com/qa03"",""state"":""active""}"
"105","2026-10-03 13:11:01.257+00","anonymous","link.create","link","Fdk073I2","c4f8a840-8a47-44f9-95cf-9c7f7292dd16",,"{""url"":""https://example.com/qa03"",""state"":""active""}"
"106","2026-10-03 13:11:01.257+00","anonymous","link.create","link","MmUt3GJw","d237d0f7-b561-4708-b0b9-eddaf8ae2d01",,"{""url"":""https://example.com/qa03"",""state"":""active""}"
"107","2026-10-03 13:11:01.257+00","anonymous","link.create","link","c4qvxFzr","3b1bde02-3afc-4caa-bbac-385079725dc8",,"{""url"":""https://example.com/qa03"",""state"":""active""}"
"108","2026-10-03 13:11:01.257+00","anonymous","link.create","link","VyUjRdmT","de69f82a-4d1d-4467-afc2-9f62fb0be1de",,"{""url"":""https://example.com/qa03"",""state"":""active""}"
"109","2026-10-03 13:11:01.257+00","anonymous","link.create","link","CIu3hEtt","2c1f2e23-2f85-4fc9-8d5b-e7bcc0fac1de",,"{""url"":""https://example.com/qa03"",""state"":""active""}"
"110","2026-10-03 13:11:01.257+00","anonymous","link.create","link","rCK9oRc4","e7bd83c3-7265-4572-bf05-e4a9a3655e7c",,"{""url"":""https://example.com/qa03"",""state"":""active""}"
"111","2026-10-03 13:11:01.257+00","anonymous","link.create","link","U0Mygxge","604d97d8-815e-45b5-8a7d-7599067f8ec3",,"{""url"":""https://example.com/qa03"",""state"":""active""}"
"112","2026-10-03 13:11:01.257+00","anonymous","link.create","link","adj3vQ27","0112edfa-89a1-44cb-9f7b-c6686aaf82bf",,"{""url"":""https://example.com/qa03"",""state"":""active""}"
"113","2026-10-03 13:11:01.257+00","anonymous","link.create","link","scxESHJp","7ea42c84-6e7a-4122-abc6-311a8ae0e632",,"{""url"":""https://example.com/qa03"",""state"":""active""}"
"114","2026-10-03 13:11:01.257+00","anonymous","link.create","link","1VdfDVhB","15321345-4637-4ce4-9d62-13e0068b1acb",,"{""url"":""https://example.com/qa03"",""state"":""active""}"
"115","2026-10-03 13:11:01.257+00","anonymous","link.create","link","CjWBgjhb","c189bd6b-1d97-49de-af28-4ed2e6f236f7",,"{""url"":""https://example.com/qa03"",""state"":""active""}"
"116","2026-10-03 13:11:01.257+00","anonymous","link.create","link","inFiVxDb","d7593704-09bd-4fe8-b5ad-040317c1c48e",,"{""url"":""https://example.com/qa03"",""state"":""active""}"
"117","2026-10-03 13:11:01.257+00","anonymous","link.create","link","yOB13Oi7","0de6fd64-73aa-40a2-9f77-209c7cdfe59b",,"{""url"":""https://example.com/qa03"",""state"":""active""}"
"118","2026-10-03 13:11:01.257+00","anonymous","link.create","link","m92DgZhU","9d005fef-4bc1-454e-ac87-347735a3237b",,"{""url"":""https://example.com/qa03"",""state"":""active""}"
"119","2026-10-03 13:11:01.257+00","anonymous","link.create","link","NumVEnI1","60d0e8eb-332d-49c5-a18c-861bd67fe90a",,"{""url"":""https://example.com/qa03"",""state"":""active""}"
"120","2026-10-03 13:11:01.257+00","anonymous","link.create","link","cj7sOteM","212f7074-3aaa-4ad9-ba02-e5be93792126",,"{""url"":""https://example.com/qa03"",""state"":""active""}"
"121","2026-10-03 13:11:01.257+00","anonymous","link.create","link","cgcXrU58","06b574fa-a960-4958-8e2f-784494074a75",,"{""url"":""https://example.com/qa03"",""state"":""active""}"
"122","2026-10-03 13:11:01.257+00","anonymous","link.create","link","hSrHQHlw","b50a82d9-8347-458a-b5dd-151abeed17c8",,"{""url"":""https://example.com/qa03"",""state"":""active""}"
"123","2026-10-03 13:12:01.257+00","anonymous","link.create","link","K0sgmUSp","f856f33b-bff6-4949-a2c8-6de68828b8db",,"{""url"":""https://example.com/qa03"",""state"":""active""}"
"124","2026-10-03 13:13:01.257+00","anonymous","link.create","link","uW0mXos5","3572432e-997e-46b1-ad5f-e917ea72e9dc",,"{""url"":""https://example.com/qa03"",""state"":""active""}"
"125","2026-10-03 13:13:01.257+00","anonymous","link.create","link","kiOzzxgX","8a5e0c42-3bfa-43ba-9f3b-0e479db4736c",,"{""url"":""https://example.com/qa03"",""state"":""active""}"
"126","2026-10-03 13:13:01.257+00","anonymous","link.create","link","CCLPPron","f5c719a2-610d-4a1b-af71-de867a9b0508",,"{""url"":""https://example.com/qa03"",""state"":""active""}"
"127","2026-10-03 13:13:01.257+00","anonymous","link.create","link","ptJkqXh9","5427f725-8669-484d-9d18-39301c7d2848",,"{""url"":""https://example.com/qa03"",""state"":""active""}"
"128","2026-10-03 13:13:01.257+00","anonymous","link.create","link","wpGmT8sN","eb6fe834-880e-44f5-84de-03de5b005764",,"{""url"":""https://example.com/qa03"",""state"":""active""}"
"129","2026-10-03 13:13:01.257+00","anonymous","link.create","link","ZefHpqoO","281a0814-07b2-4373-a2c2-72ec54896cac",,"{""url"":""https://example.com/qa03"",""state"":""active""}"
"130","2026-10-03 13:13:01.257+00","anonymous","link.create","link","YpeGIfuP","49c4d971-e415-4444-868d-34e472f32bb6",,"{""url"":""https://example.com/qa03"",""state"":""active""}"
"131","2026-10-03 13:13:01.257+00","anonymous","link.create","link","S2tbSJbn","2ef79e05-d8f1-4d2c-a0f1-b2e723d00a0a",,"{""url"":""https://example.com/qa03"",""state"":""active""}"
"132","2026-10-03 13:13:01.257+00","anonymous","link.create","link","GYpVZuA4","166bed45-a859-4e1e-bf98-7b4e5a82cf28",,"{""url"":""https://example.com/qa03"",""state"":""active""}"
"133","2026-10-03 13:13:01.257+00","anonymous","link.create","link","cFNt3rCb","048b0e49-f94b-4c2f-b9df-0ec7d754a4c9",,"{""url"":""https://example.com/qa03"",""state"":""active""}"
"134","2026-10-03 13:13:01.257+00","anonymous","link.create","link","67n54pHO","448bef50-6748-4dd9-b6fb-4caf28c974e8",,"{""url"":""https://example.com/qa03"",""state"":""active""}"
"135","2026-10-03 13:13:01.257+00","anonymous","link.create","link","XU8ymyjz","3df8f15c-70c6-4753-985b-fa200f87bbd6",,"{""url"":""https://example.com/qa03"",""state"":""active""}"
"136","2026-10-03 13:13:01.257+00","anonymous","link.create","link","1hGyYrJR","d7afe875-e508-44c1-9646-35024b1d3a1d",,"{""url"":""https://example.com/qa03"",""state"":""active""}"
"137","2026-10-03 13:13:01.257+00","anonymous","link.create","link","ZMdbTk3J","eebf8938-0469-4b13-af27-4c1171443088",,"{""url"":""https://example.com/qa03"",""state"":""active""}"
"138","2026-10-03 13:13:01.257+00","anonymous","link.create","link","oOUUT1WF","11c99c17-6817-4bcb-898f-404b7bc866bb",,"{""url"":""https://example.com/qa03"",""state"":""active""}"
"139","2026-10-03 13:13:01.257+00","anonymous","link.create","link","Yw8QKTpX","b8ebd994-f718-4d88-94e9-1e7a83f539f4",,"{""url"":""https://example.com/qa03"",""state"":""active""}"
"140","2026-10-03 13:13:01.257+00","anonymous","link.create","link","CNx2cA9i","14a0540f-f0d0-47f8-95c0-cc3ad6519153",,"{""url"":""https://example.com/qa03"",""state"":""active""}"
"141","2026-10-03 13:13:01.257+00","anonymous","link.create","link","MO8D29aa","a2f7e3fd-cb6d-4301-999b-7fa2cc54f803",,"{""url"":""https://example.com/qa03"",""state"":""active""}"
"142","2026-10-03 13:13:01.257+00","anonymous","link.create","link","1SzQQrSy","dd96e0da-0029-43c1-9655-4a8f2230c604",,"{""url"":""https://example.com/qa03"",""state"":""active""}"
"143","2026-10-03 13:13:01.257+00","anonymous","link.create","link","2rwPV6sB","d9b1325f-e4bd-4d2e-94ca-2fa8a53c505f",,"{""url"":""https://example.com/qa03"",""state"":""active""}"
"144","2026-10-03 13:13:01.257+00","anonymous","link.create","link","CZZFWNZE","0e6b0d81-f4cf-4dfe-83c0-2fcebb86df29",,"{""url"":""https://example.com/qa03"",""state"":""active""}"
"145","2026-10-03 13:13:01.257+00","anonymous","link.create","link","Y7ymff8t","499c1347-feed-4eeb-a790-0f8a46646f6b",,"{""url"":""https://example.com/qa03"",""state"":""active""}"
"146","2026-10-03 13:13:01.257+00","anonymous","link.create","link","bJPwj1r4","0082aa8f-2040-4ca1-8e1c-a3760e9fef41",,"{""url"":""https://example.com/qa03"",""state"":""active""}"
"147","2026-10-03 13:13:01.257+00","anonymous","link.create","link","BskAHAJP","1e307a11-9140-4fd4-803d-0aa2a6b973c8",,"{""url"":""https://example.com/qa03"",""state"":""active""}"
"148","2026-10-03 13:13:01.257+00","anonymous","link.create","link","YyHCziPe","4bf1f1ee-b6c0-40f9-8173-a2883188eac2",,"{""url"":""https://example.com/qa03"",""state"":""active""}"
"149","2026-10-03 13:13:01.257+00","anonymous","link.create","link","L7newAqF","7fd34b58-1039-4ccf-ac48-83ac35cbe685",,"{""url"":""https://example.com/qa03"",""state"":""active""}"
"150","2026-10-03 13:13:01.257+00","anonymous","link.create","link","ulS6YEFS","c1155787-c948-4f29-90b6-f74e638248b3",,"{""url"":""https://example.com/qa03"",""state"":""active""}"
"151","2026-10-03 13:13:01.257+00","anonymous","link.create","link","hBuU7fG4","4fc8307a-fae0-4bdb-897d-ba07a050be30",,"{""url"":""https://example.com/qa03"",""state"":""active""}"
"152","2026-10-03 13:13:01.257+00","anonymous","link.create","link","fNhXtoSP","ba36c83f-729a-47ad-b6fe-fe511535f0be",,"{""url"":""https://example.com/qa03"",""state"":""active""}"
"153","2026-10-03 13:13:01.257+00","anonymous","link.create","link","n7aTY6XY","241650d9-4382-4dc5-8ff5-c9227836fa11",,"{""url"":""https://example.com/qa03"",""state"":""active""}"
"154","2026-10-03 13:13:01.257+00","anonymous","link.create","link","Bxmkg8NU","2dd280ca-8573-4ac3-bd97-78e223742e9a",,"{""url"":""https://example.com/qa03"",""state"":""active""}"
"155","2026-10-03 13:13:01.257+00","anonymous","link.create","link","OUlBWxLb","13a05968-2712-41d3-ab09-707fed6945d6",,"{""url"":""https://example.com/qa03"",""state"":""active""}"
"156","2026-10-03 13:13:01.257+00","anonymous","link.create","link","smsxpi4V","3d4b7a6e-c628-4135-81ca-af79a68ebd13",,"{""url"":""https://example.com/qa03"",""state"":""active""}"
"157","2026-10-03 13:13:01.257+00","anonymous","link.create","link","07XSou30","afde2c98-e7e0-4f24-9927-352ba088cdbc",,"{""url"":""https://example.com/qa03"",""state"":""active""}"
"158","2026-10-03 13:13:01.257+00","anonymous","link.create","link","bjuta0tJ","125d7a85-fb77-4313-b807-04ea5ada4fde",,"{""url"":""https://example.com/qa03"",""state"":""active""}"
"159","2026-10-03 13:13:01.257+00","anonymous","link.create","link","1MSF7y16","edd8713c-1ae7-4d9e-aa7d-7cef1b0b2ece",,"{""url"":""https://example.com/qa03"",""state"":""active""}"
"160","2026-10-03 13:13:01.257+00","anonymous","link.create","link","xYc27bwX","39646544-1cc7-47ef-a06a-cc3360a224ac",,"{""url"":""https://example.com/qa03"",""state"":""active""}"
"161","2026-10-03 13:13:01.257+00","anonymous","link.create","link","51vnW4BX","f90c456a-55c1-4596-9383-736e48c5c75c",,"{""url"":""https://example.com/qa03"",""state"":""active""}"
"162","2026-10-03 13:13:01.257+00","anonymous","link.create","link","zVqAm5E2","15810f15-d442-404e-aa7c-bea85842d95c",,"{""url"":""https://example.com/qa03"",""state"":""active""}"
"163","2026-10-03 13:13:01.257+00","anonymous","link.create","link","J9o7foXI","429e6ed7-a7c7-4ed8-a59a-7c0187590143",,"{""url"":""https://example.com/qa03"",""state"":""active""}"
"164","2026-10-03 13:13:01.257+00","anonymous","link.create","link","2OsgVH4A","8dfebaa8-82dc-4319-8ed0-4289d33d7dc4",,"{""url"":""https://example.com/qa03"",""state"":""active""}"
"165","2026-10-03 13:13:01.257+00","anonymous","link.create","link","13fDQkcg","507f6139-6e91-4d18-a554-5cb92c60bfb3",,"{""url"":""https://example.com/qa03"",""state"":""active""}"
"166","2026-10-03 13:13:01.257+00","anonymous","link.create","link","YrL1eydT","9b1b6879-4409-454f-b784-f8eedbfbaad8",,"{""url"":""https://example.com/qa03"",""state"":""active""}"
"167","2026-10-03 13:13:01.257+00","anonymous","link.create","link","T4LS9gry","b7def8fe-6bb0-48de-9a74-fc313340fb10",,"{""url"":""https://example.com/qa03"",""state"":""active""}"
"168","2026-10-03 13:13:01.257+00","anonymous","link.create","link","dv8aEzBk","3cff3396-86a0-4c03-a82d-0a9c42d144ec",,"{""url"":""https://example.com/qa03"",""state"":""active""}"
"169","2026-10-03 13:13:01.257+00","anonymous","link.create","link","x2qmf1lK","167ddcdc-e609-40b2-bd45-a0e3d383cb72",,"{""url"":""https://example.com/qa03"",""state"":""active""}"
"170","2026-10-03 13:13:01.257+00","anonymous","link.create","link","5DyirKNP","e015d52f-0c49-486b-ad36-f75004df1278",,"{""url"":""https://example.com/qa03"",""state"":""active""}"
"171","2026-10-03 13:13:01.257+00","anonymous","link.create","link","R6EE64QX","8b99f37a-d6cd-416e-a4e8-a75885fa0eec",,"{""url"":""https://example.com/qa03"",""state"":""active""}"
"172","2026-10-03 13:13:01.257+00","anonymous","link.create","link","Q9GMZQog","1aaf79b3-745e-409d-8c4d-85f9d695f4e3",,"{""url"":""https://example.com/qa03"",""state"":""active""}"
"173","2026-10-03 13:13:01.257+00","anonymous","link.create","link","1KqylSkz","7f119ac5-cc9b-45cf-ab87-c14213b993a2",,"{""url"":""https://example.com/qa03"",""state"":""active""}"
"174","2026-10-03 13:13:01.257+00","anonymous","link.create","link","kAAqcK3V","f4108016-1bf5-44e2-b1b7-3f887ba13191",,"{""url"":""https://example.com/qa03"",""state"":""active""}"
"175","2026-10-03 13:13:01.257+00","anonymous","link.create","link","OyE50iRi","c66cb019-ce10-4afa-bf51-33027f6c5156",,"{""url"":""https://example.com/qa03"",""state"":""active""}"
"176","2026-10-03 13:13:01.257+00","anonymous","link.create","link","cDt650BL","5c0a9053-a2da-4185-b5e4-b9a48652697e",,"{""url"":""https://example.com/qa03"",""state"":""active""}"
"177","2026-10-03 13:13:01.257+00","anonymous","link.create","link","GpPx1TJ1","7b725b96-8c1a-4e28-a317-058c8cf1e127",,"{""url"":""https://example.com/qa03"",""state"":""active""}"
"178","2026-10-03 13:13:01.257+00","anonymous","link.create","link","79X2Dvdp","c3f3f41d-1d6d-46fa-ab5e-c1fa7b68cd7b",,"{""url"":""https://example.com/qa03"",""state"":""active""}"
"179","2026-10-03 13:13:01.257+00","anonymous","link.create","link","MEGmcIKS","fb406d8a-ebf1-4cbf-9d25-0afd902e6853",,"{""url"":""https://example.com/qa03"",""state"":""active""}"
"180","2026-10-03 13:13:01.257+00","anonymous","link.create","link","teQ4Pqgy","f316c70d-037e-4009-a735-9acfefa3d3ec",,"{""url"":""https://example.com/qa03"",""state"":""active""}"
"181","2026-10-03 13:13:01.257+00","anonymous","link.create","link","HgQGArP2","a55aa7d9-e86d-4588-a246-75824d40915c",,"{""url"":""https://example.com/qa03"",""state"":""active""}"
"182","2026-10-03 13:13:01.257+00","anonymous","link.create","link","91QmeVsK","ac7b5e44-08cb-4d8b-ba3e-33c25d34685e",,"{""url"":""https://example.com/qa03"",""state"":""active""}"
"183","2026-10-03 13:13:01.257+00","anonymous","link.create","link","A9Qh9rCd","aa993214-035a-49bf-a280-3482c88edffb",,"{""url"":""https://example.com/qa03"",""state"":""active""}"
"184","2026-10-03 13:13:01.257+00","anonymous","link.create","link","CE382Ntw","b3050a16-5aa1-4766-aec2-fb75365e5670",,"{""url"":""https://example.com/qa03"",""state"":""active""}"
"185","2026-10-03 13:14:01.257+00","anonymous","link.create","link","9OsNEIv8","cbf287f6-abfa-47d8-bb70-6241929bb116",,"{""url"":""https://example.com/qa03"",""state"":""active""}"
"186","2026-10-03 13:14:01.257+00","anonymous","link.create","link","5mgvBrj3","bac7890c-8ea6-4736-b8b7-86dfeb316dc7",,"{""url"":""https://example.com/qa03"",""state"":""active""}"
"187","2026-10-03 13:14:01.257+00","anonymous","link.create","link","ynF0cvoV","72dc6307-922b-46bf-9bfb-e4b44d67ea53",,"{""url"":""https://example.com/qa03"",""state"":""active""}"
"188","2026-10-03 13:14:01.257+00","anonymous","link.create","link","KpPiQkDk","73097dfc-5057-4c5e-8583-c02e0fcbe274",,"{""url"":""https://example.com/qa03"",""state"":""active""}"
"189","2026-10-03 13:14:01.257+00","anonymous","link.create","link","BE94lULP","91695b8f-6bb4-4b45-b719-19553ecd9425",,"{""url"":""https://example.com/qa03"",""state"":""active""}"
"190","2026-10-03 13:14:01.257+00","anonymous","link.create","link","sLIX8tpJ","1c2c22f9-6c79-4ce6-b087-170fd5f6b0a0",,"{""url"":""https://example.com/qa03"",""state"":""active""}"
"191","2026-10-03 13:14:01.257+00","anonymous","link.create","link","1xTRCaok","74e78f70-d2ac-439e-9800-0334e028cb36",,"{""url"":""https://example.com/qa03"",""state"":""active""}"
"192","2026-10-03 13:14:01.257+00","anonymous","link.create","link","nCcLTU4K","aca541a3-4964-402f-8fd7-39a076a1fde5",,"{""url"":""https://example.com/qa03"",""state"":""active""}"
"193","2026-10-03 13:14:01.257+00","anonymous","link.create","link","nY4f9gCg","dab2f7e3-185a-41f6-9653-d023b588e41c",,"{""url"":""https://example.com/qa03"",""state"":""active""}"
"194","2026-10-03 13:14:01.257+00","anonymous","link.create","link","dRA7R76W","38e6345c-a9c2-4a3d-a3bd-7c926faeb44b",,"{""url"":""https://example.com/qa03"",""state"":""active""}"
"195","2026-10-03 13:14:01.257+00","anonymous","link.create","link","gX78W4pZ","ee258964-3bfc-442d-9464-8aaa1e8494f1",,"{""url"":""https://example.com/qa03"",""state"":""active""}"
"196","2026-10-03 13:14:01.257+00","anonymous","link.create","link","gNIsToX3","cb3a805e-239a-4d79-829d-e33375bd30ea",,"{""url"":""https://example.com/qa03"",""state"":""active""}"
"197","2026-10-03 13:14:01.257+00","anonymous","link.create","link","sWJglJ0R","636ee0a4-8dbe-4bfa-8d74-525fbb9f81e1",,"{""url"":""https://example.com/qa03"",""state"":""active""}"
"198","2026-10-03 13:14:01.257+00","anonymous","link.create","link","9fNEb40P","a19638e4-84bd-4017-a59b-d62fcc738448",,"{""url"":""https://example.com/qa03"",""state"":""active""}"
"199","2026-10-03 13:14:01.257+00","anonymous","link.create","link","QqlvYsVh","fa70345b-e912-4f50-8179-11150f17f060",,"{""url"":""https://example.com/qa03"",""state"":""active""}"
"200","2026-10-03 13:14:01.257+00","anonymous","link.create","link","PZ57azfG","cff927cf-a604-4347-bb99-d60bc2d94808",,"{""url"":""https://example.com/qa03"",""state"":""active""}"
"201","2026-10-03 13:14:01.257+00","anonymous","link.create","link","rzFZheEx","c7be2c71-2a53-4b43-b31b-7a54d29b2a80",,"{""url"":""https://example.com/qa03"",""state"":""active""}"
"202","2026-10-03 13:14:01.257+00","anonymous","link.create","link","Db0RKoBu","ae042175-7669-448b-b792-6a4f0343ce77",,"{""url"":""https://example.com/qa03"",""state"":""active""}"
"203","2026-10-03 13:14:01.257+00","anonymous","link.create","link","4YPztUal","defe11c4-9604-4a2c-9360-45ead4fb20bd",,"{""url"":""https://example.com/qa03"",""state"":""active""}"
"204","2026-10-03 13:14:01.257+00","anonymous","link.create","link","mad97oCg","e3871f46-08ca-408f-969d-d477f3893bb8",,"{""url"":""https://example.com/qa03"",""state"":""active""}"
"205","2026-10-03 13:14:01.257+00","anonymous","link.create","link","tr6qNcIa","e91521e1-6157-4f0c-b75a-774452a94a5e",,"{""url"":""https://example.com/qa03"",""state"":""active""}"
"206","2026-10-03 13:14:01.257+00","anonymous","link.create","link","E1fry565","09e34fb7-f654-4baf-81cf-6381e42f2eb1",,"{""url"":""https://example.com/qa03"",""state"":""active""}"
"207","2026-10-03 13:14:01.257+00","anonymous","link.create","link","HwJAotGB","0a7b3418-4119-47b4-aee2-be82ebf1101a",,"{""url"":""https://example.com/qa03"",""state"":""active""}"
"208","2026-10-03 13:14:01.257+00","anonymous","link.create","link","lOtxGGnW","e20b1e65-3a84-4c56-abac-0f376c13923e",,"{""url"":""https://example.com/qa03"",""state"":""active""}"
"209","2026-10-03 13:14:01.257+00","anonymous","link.create","link","lS7k0IKE","9132e449-26d9-43d7-864e-c03619b36923",,"{""url"":""https://example.com/qa03"",""state"":""active""}"
"210","2026-10-03 13:14:01.257+00","anonymous","link.create","link","8fjG70nf","ad78336f-7d11-4d45-8973-953ebe569224",,"{""url"":""https://example.com/qa03"",""state"":""active""}"
"211","2026-10-03 13:14:01.257+00","anonymous","link.create","link","5ggU4UCF","0ed8739f-135d-4f64-b5b9-0833f8d8573b",,"{""url"":""https://example.com/qa03"",""state"":""active""}"
"212","2026-10-03 13:14:01.257+00","anonymous","link.create","link","XNgsHMws","aed5801a-bc89-4749-8ba5-a4c03c80d056",,"{""url"":""https://example.com/qa03"",""state"":""active""}"
"213","2026-10-03 13:14:01.257+00","anonymous","link.create","link","HINrf2kH","ad2d5584-4f5a-4a9a-9b21-7cd48410c825",,"{""url"":""https://example.com/qa03"",""state"":""active""}"
"214","2026-10-03 13:14:01.257+00","anonymous","link.create","link","ZcCeQiG9","3db0b6a3-ac32-4659-8f3d-e9887e982f1d",,"{""url"":""https://example.com/qa03"",""state"":""active""}"
"215","2026-10-03 13:14:01.257+00","anonymous","link.create","link","RK6dw7of","6449a911-f919-4318-887d-4d27925df103",,"{""url"":""https://example.com/qa03"",""state"":""active""}"
"216","2026-10-03 13:14:01.257+00","anonymous","link.create","link","6NsU7qTs","4afb15ef-bda4-4ebf-9908-edc6bdec6265",,"{""url"":""https://example.com/qa03"",""state"":""active""}"
"217","2026-10-03 13:14:01.257+00","anonymous","link.create","link","5hdQjWXF","bfb6584a-c91f-4b63-b5d5-588a48a7f98c",,"{""url"":""https://example.com/qa03"",""state"":""active""}"
"218","2026-10-03 13:14:01.257+00","anonymous","link.create","link","2418laEk","9f126e9e-3adb-4289-9a4c-82bf42d7f2fa",,"{""url"":""https://example.com/qa03"",""state"":""active""}"
"219","2026-10-03 13:14:01.257+00","anonymous","link.create","link","gglZQ6fd","9079786d-e1d8-4e9a-8acd-69b1f1708143",,"{""url"":""https://example.com/qa03"",""state"":""active""}"
"220","2026-10-03 13:14:01.257+00","anonymous","link.create","link","e8NRZ1yO","bb436cb0-8605-48b3-b3a7-e4f1dee520fd",,"{""url"":""https://example.com/qa03"",""state"":""active""}"
"221","2026-10-03 13:14:01.257+00","anonymous","link.create","link","Bo87UWGF","c8f2cadf-9320-4183-963e-b04727068e0c",,"{""url"":""https://example.com/qa03"",""state"":""active""}"
"222","2026-10-03 13:14:01.257+00","anonymous","link.create","link","5kdDebYW","c50a0795-f2e6-476d-b5f1-1deb8964826f",,"{""url"":""https://example.com/qa03"",""state"":""active""}"
"223","2026-10-03 13:14:01.257+00","anonymous","link.create","link","frECYXzl","263213de-39af-4095-8a98-0238aab633f8",,"{""url"":""https://example.com/qa03"",""state"":""active""}"
"224","2026-10-03 13:14:01.257+00","anonymous","link.create","link","bceAkxmc","855513e0-51de-4e12-b2e7-874faf581c04",,"{""url"":""https://example.com/qa03"",""state"":""active""}"
"225","2026-10-03 13:14:01.257+00","anonymous","link.create","link","gjT5oham","83510143-0cb0-4cf5-a414-9cbeca116f2a",,"{""url"":""https://example.com/qa03"",""state"":""active""}"
"226","2026-10-03 13:14:01.257+00","anonymous","link.create","link","KZu5mWj5","dd9923ba-e422-41ad-be61-10edf6d5c826",,"{""url"":""https://example.com/qa03"",""state"":""active""}"
"227","2026-10-03 13:14:01.257+00","anonymous","link.create","link","9tQc0GoD","6b4b722b-a166-4d1d-897f-ab253fbcfd7e",,"{""url"":""https://example.com/qa03"",""state"":""active""}"
"228","2026-10-03 13:14:01.257+00","anonymous","link.create","link","03FJi9Qt","3ebb4b36-ef23-4e81-8c6f-8b15bf27335c",,"{""url"":""https://example.com/qa03"",""state"":""active""}"
"229","2026-10-03 13:14:01.257+00","anonymous","link.create","link","17W3JKuh","859137b8-5581-4050-beb0-689d024a269c",,"{""url"":""https://example.com/qa03"",""state"":""active""}"
"230","2026-10-03 13:14:01.257+00","anonymous","link.create","link","zRejc1nF","d2980100-0cff-42bc-9e53-be497550d830",,"{""url"":""https://example.com/qa03"",""state"":""active""}"
"231","2026-10-03 13:14:01.257+00","anonymous","link.create","link","njqlXLGs","2898ee84-a001-4e1b-b66a-a71c194f51b3",,"{""url"":""https://example.com/qa03"",""state"":""active""}"
"232","2026-10-03 13:14:01.257+00","anonymous","link.create","link","yQZj3W3I","6ffb3ae8-47a7-4b0d-834b-edfd61b444ee",,"{""url"":""https://example.com/qa03"",""state"":""active""}"
"233","2026-10-03 13:14:01.257+00","anonymous","link.create","link","Y5EyulAG","4012b5a6-8120-40d8-b995-163fc1642d62",,"{""url"":""https://example.com/qa03"",""state"":""active""}"
"234","2026-10-03 13:14:01.257+00","anonymous","link.create","link","ELvaBxmj","303f24a7-2838-41e5-879e-b87ad48edd2d",,"{""url"":""https://example.com/qa03"",""state"":""active""}"
"235","2026-10-03 13:14:01.257+00","anonymous","link.create","link","Jzhlig9T","c2426455-57dc-44f2-9df6-50b89817ba6c",,"{""url"":""https://example.com/qa03"",""state"":""active""}"
"236","2026-10-03 13:14:01.257+00","anonymous","link.create","link","PPw1AWx2","7e50a813-7ada-4823-8c27-dc114a8d5037",,"{""url"":""https://example.com/qa03"",""state"":""active""}"
"237","2026-10-03 13:14:01.257+00","anonymous","link.create","link","Dre8BTgS","f6d6edd5-1182-4d86-95b1-feea64af6413",,"{""url"":""https://example.com/qa03"",""state"":""active""}"
"238","2026-10-03 13:14:01.257+00","anonymous","link.create","link","8pXtZnoy","0fd58dd5-bb8f-4061-98ad-ea84c22ff068",,"{""url"":""https://example.com/qa03"",""state"":""active""}"
"239","2026-10-03 13:14:01.257+00","anonymous","link.create","link","eWHxBExo","686ddcea-2b00-4e11-91df-dfc5060139f6",,"{""url"":""https://example.com/qa03"",""state"":""active""}"
"240","2026-10-03 13:14:01.257+00","anonymous","link.create","link","6QmjAaiI","02ddac14-a94c-4617-b8cf-95240240d620",,"{""url"":""https://example.com/qa03"",""state"":""active""}"
"241","2026-10-03 13:14:01.257+00","anonymous","link.create","link","IpMbcvui","76a50a14-7f73-4b96-b691-09bb5e17620f",,"{""url"":""https://example.com/qa03"",""state"":""active""}"
"242","2026-10-03 13:14:01.257+00","anonymous","link.create","link","qsB8nEE2","4e2ee126-5280-4227-bd39-9427e85b5447",,"{""url"":""https://example.com/qa03"",""state"":""active""}"
"243","2026-10-03 13:14:01.257+00","anonymous","link.create","link","HpMEzmNQ","a6c3d7f9-ff6e-4386-b25c-99258d48b472",,"{""url"":""https://example.com/qa03"",""state"":""active""}"
"244","2026-10-03 13:14:01.257+00","anonymous","link.create","link","vb5Ldq5n","2b2e17b0-20ba-4b4e-9a93-40d21f3b46e1",,"{""url"":""https://example.com/qa03"",""state"":""active""}"
"245","2026-10-03 13:15:02.257+00","anonymous","link.create","link","Na1Bf4Jy","c843ca0c-689a-4756-b489-cf768091198f",,"{""url"":""https://example.com/qa03"",""state"":""active""}"
"246","2026-10-03 13:16:02.257+00","anonymous","link.create","link","3COocMRi","94629c78-3530-40fd-bd53-51bf88107e82",,"{""url"":""https://example.com/qa03"",""state"":""active""}"
"247","2026-10-03 13:16:02.257+00","anonymous","link.create","link","3HdPClh5","71f86b00-9ad1-4027-acac-bd6a229462e5",,"{""url"":""https://example.com/qa03"",""state"":""active""}"
"248","2026-10-03 13:16:02.257+00","anonymous","link.create","link","GIRXBZU3","391e66a6-84ba-44ec-ab08-9f211a770b6f",,"{""url"":""https://example.com/qa03"",""state"":""active""}"
"249","2026-10-03 13:16:02.257+00","anonymous","link.create","link","bVCNA3UE","b4d8e741-6fec-4286-892a-7156effca927",,"{""url"":""https://example.com/qa03"",""state"":""active""}"
"250","2026-10-03 13:16:02.257+00","anonymous","link.create","link","XjRCULdH","38d2587c-5b5b-45b8-9cbb-ceebee30ea0d",,"{""url"":""https://example.com/qa03"",""state"":""active""}"
"251","2026-10-03 13:16:02.257+00","anonymous","link.create","link","D9TpAy5T","a1b3f668-690a-4f7c-8e77-16ffa45ab056",,"{""url"":""https://example.com/qa03"",""state"":""active""}"
"252","2026-10-03 13:16:02.257+00","anonymous","link.create","link","QXZ8SFTY","1d0b19dc-d41d-4da2-9bf5-b872b33f5017",,"{""url"":""https://example.com/qa03"",""state"":""active""}"
"253","2026-10-03 13:16:02.257+00","anonymous","link.create","link","sfLAjufR","0b60ec87-0713-4334-9d31-a93bbe7c18db",,"{""url"":""https://example.com/qa03"",""state"":""active""}"
"254","2026-10-03 13:16:02.257+00","anonymous","link.create","link","LqpME0cw","715d5d17-1e04-4477-8c34-4c3c4f950542",,"{""url"":""https://example.com/qa03"",""state"":""active""}"
"255","2026-10-03 13:16:02.257+00","anonymous","link.create","link","vkjDBPra","035a0986-2c34-4b42-b533-f3499f32573b",,"{""url"":""https://example.com/qa03"",""state"":""active""}"
"256","2026-10-03 13:16:02.257+00","anonymous","link.create","link","I3TL058x","378b82f0-2cc3-4870-b841-00be642909f9",,"{""url"":""https://example.com/qa03"",""state"":""active""}"
"257","2026-10-03 13:16:02.257+00","anonymous","link.create","link","dT461Hdm","478f2b1e-bdb2-44b5-bbcb-0d9474cf9620",,"{""url"":""https://example.com/qa03"",""state"":""active""}"
"258","2026-10-03 13:16:02.257+00","anonymous","link.create","link","JJqgXrKC","f5fa6831-5412-449e-b53d-71c3a3cb0f90",,"{""url"":""https://example.com/qa03"",""state"":""active""}"
"259","2026-10-03 13:16:02.257+00","anonymous","link.create","link","i9sqlD6F","738853e3-954b-41cc-bc97-4f91bae89fa7",,"{""url"":""https://example.com/qa03"",""state"":""active""}"
"260","2026-10-03 13:16:02.257+00","anonymous","link.create","link","HlTwWWBz","6b6fd2cf-c5ec-4a05-9765-c00ee944d44b",,"{""url"":""https://example.com/qa03"",""state"":""active""}"
"261","2026-10-03 13:16:02.257+00","anonymous","link.create","link","fbWcZ56p","a0e8af89-5230-4ad1-ad20-21288d86cf5d",,"{""url"":""https://example.com/qa03"",""state"":""active""}"
"262","2026-10-03 13:16:02.257+00","anonymous","link.create","link","yoEimSbT","37b9110a-829e-447a-b4ab-c72e36c07401",,"{""url"":""https://example.com/qa03"",""state"":""active""}"
"263","2026-10-03 13:16:02.257+00","anonymous","link.create","link","L923CsIj","91df846f-e171-4dd3-bd42-75b6defff3b8",,"{""url"":""https://example.com/qa03"",""state"":""active""}"
"264","2026-10-03 13:16:02.257+00","anonymous","link.create","link","dfGX6h6f","c5c32c06-6e24-4944-bc47-d25496f358df",,"{""url"":""https://example.com/qa03"",""state"":""active""}"
"265","2026-10-03 13:16:02.257+00","anonymous","link.create","link","WMhtOdTH","b2a10016-4c3b-40f1-bbbc-33a59416a209",,"{""url"":""https://example.com/qa03"",""state"":""active""}"
"266","2026-10-03 13:16:02.257+00","anonymous","link.create","link","yG3oK3im","0c8d1bd3-bb10-45ae-aad9-4f92e37b0868",,"{""url"":""https://example.com/qa03"",""state"":""active""}"
"267","2026-10-03 13:16:02.257+00","anonymous","link.create","link","68TDXijx","9c23a356-6aec-461d-bc6c-e121581817cc",,"{""url"":""https://example.com/qa03"",""state"":""active""}"
"268","2026-10-03 13:16:02.257+00","anonymous","link.create","link","zeZu6agW","09bce6ce-50ba-4bb4-bc00-21ae5947de33",,"{""url"":""https://example.com/qa03"",""state"":""active""}"
"269","2026-10-03 13:16:02.257+00","anonymous","link.create","link","0nzDFFGT","a543c190-6838-435a-a6e0-4a083f9ff479",,"{""url"":""https://example.com/qa03"",""state"":""active""}"
"270","2026-10-03 13:16:02.257+00","anonymous","link.create","link","opx8UI1N","c1ffae7e-84c0-4ff4-b2b3-0c0e5eb5d830",,"{""url"":""https://example.com/qa03"",""state"":""active""}"
"271","2026-10-03 13:16:02.257+00","anonymous","link.create","link","ok1iqwt4","7265618d-27a7-48d9-a381-5e4ad313b9c6",,"{""url"":""https://example.com/qa03"",""state"":""active""}"
"272","2026-10-03 13:16:02.257+00","anonymous","link.create","link","bkm9T2iK","8749cfa0-1f0c-42f7-9625-b19d6a543452",,"{""url"":""https://example.com/qa03"",""state"":""active""}"
"273","2026-10-03 13:16:02.257+00","anonymous","link.create","link","wSetXqsE","5be8a4e8-7908-4cc2-9153-e9ff3edc2a2b",,"{""url"":""https://example.com/qa03"",""state"":""active""}"
"274","2026-10-03 13:16:02.257+00","anonymous","link.create","link","ZSBf8Ujv","4b542662-f418-4aac-9572-d32e051f618c",,"{""url"":""https://example.com/qa03"",""state"":""active""}"
"275","2026-10-03 13:16:02.257+00","anonymous","link.create","link","M159jRWo","e7c041d5-5965-4461-920d-e98398426346",,"{""url"":""https://example.com/qa03"",""state"":""active""}"
"276","2026-10-03 13:16:02.257+00","anonymous","link.create","link","daSuVTZL","68dc738d-85f7-4de3-a4af-6f5320e6fbc9",,"{""url"":""https://example.com/qa03"",""state"":""active""}"
"277","2026-10-03 13:16:02.257+00","anonymous","link.create","link","EBC3lPfz","12beeeb5-b6ec-46d9-9e4f-79bcf02eed00",,"{""url"":""https://example.com/qa03"",""state"":""active""}"
"278","2026-10-03 13:16:02.257+00","anonymous","link.create","link","fgZd73Nf","32b6cff8-ef67-45cc-a14d-cb9e8ce1d3dc",,"{""url"":""https://example.com/qa03"",""state"":""active""}"
"279","2026-10-03 13:16:02.257+00","anonymous","link.create","link","dYve4uwJ","cb5f156c-d15a-4d43-b3a9-0f25802a8566",,"{""url"":""https://example.com/qa03"",""state"":""active""}"
"280","2026-10-03 13:16:02.257+00","anonymous","link.create","link","CcNkNbgL","02adc23c-a8de-4f44-b683-8f978449e436",,"{""url"":""https://example.com/qa03"",""state"":""active""}"
"281","2026-10-03 13:16:02.257+00","anonymous","link.create","link","fP4OXZRY","74c18dce-65dc-4fec-a563-c4554d461e98",,"{""url"":""https://example.com/qa03"",""state"":""active""}"
"282","2026-10-03 13:16:02.257+00","anonymous","link.create","link","OoMdbJtk","786b467e-58d7-42ca-b7c0-23b834f113ac",,"{""url"":""https://example.com/qa03"",""state"":""active""}"
"283","2026-10-03 13:16:02.257+00","anonymous","link.create","link","Dpt5ceQm","a46ebc82-c3ec-442d-a2fa-39e02b25c54f",,"{""url"":""https://example.com/qa03"",""state"":""active""}"
"284","2026-10-03 13:16:02.257+00","anonymous","link.create","link","qhpaocqy","763f7b17-d552-41cb-8604-a742464180b1",,"{""url"":""https://example.com/qa03"",""state"":""active""}"
"285","2026-10-03 13:16:02.257+00","anonymous","link.create","link","rSTy32SB","0123e7d4-c90a-4d9a-a250-3f545c527d74",,"{""url"":""https://example.com/qa03"",""state"":""active""}"
"286","2026-10-03 13:16:02.257+00","anonymous","link.create","link","kdiHdKCh","a32dc753-bf31-4fb7-aa65-79b74ccdb721",,"{""url"":""https://example.com/qa03"",""state"":""active""}"
"287","2026-10-03 13:16:02.257+00","anonymous","link.create","link","0oWdGijW","0f7a07b9-4a1b-43ba-9015-1712d9f6d787",,"{""url"":""https://example.com/qa03"",""state"":""active""}"
"288","2026-10-03 13:16:02.257+00","anonymous","link.create","link","xE6X8D3n","a7d37152-2a5f-4b8a-9695-4eb99441e697",,"{""url"":""https://example.com/qa03"",""state"":""active""}"
"289","2026-10-03 13:16:02.257+00","anonymous","link.create","link","4noIlIEH","374400b3-82c1-4fb1-a5ae-68dab8eb51ff",,"{""url"":""https://example.com/qa03"",""state"":""active""}"
"290","2026-10-03 13:16:02.257+00","anonymous","link.create","link","hlZQhm1o","58be0809-8bf3-4849-947c-d9ac8e8a4d2e",,"{""url"":""https://example.com/qa03"",""state"":""active""}"
"291","2026-10-03 13:16:02.257+00","anonymous","link.create","link","hjVpUnvR","a73f2052-acc6-402e-9741-e22ac6698ca2",,"{""url"":""https://example.com/qa03"",""state"":""active""}"
"292","2026-10-03 13:16:02.257+00","anonymous","link.create","link","lHHv4Q4M","2455d975-d2fe-4e2c-98c0-7b569c4d8c0e",,"{""url"":""https://example.com/qa03"",""state"":""active""}"
"293","2026-10-03 13:16:02.257+00","anonymous","link.create","link","ChtK4iv6","2547926b-70ad-4893-b990-a3f6e7d50461",,"{""url"":""https://example.com/qa03"",""state"":""active""}"
"294","2026-10-03 13:16:02.257+00","anonymous","link.create","link","IWYfEm0w","b4fe83ae-55f6-48d8-b585-811c5d283cec",,"{""url"":""https://example.com/qa03"",""state"":""active""}"
"295","2026-10-03 13:16:02.257+00","anonymous","link.create","link","RQtrNd8X","917580d4-7a51-403e-a060-0e2e0e2c61cc",,"{""url"":""https://example.com/qa03"",""state"":""active""}"
"296","2026-10-03 13:16:02.257+00","anonymous","link.create","link","Cp0CCgoN","a61b7e39-1e03-4ab4-abc1-5ec9dbfdd443",,"{""url"":""https://example.com/qa03"",""state"":""active""}"
"297","2026-10-03 13:16:02.257+00","anonymous","link.create","link","SpdLjAiy","6c12d74e-5d68-41ce-a64c-6ab497a0ca9e",,"{""url"":""https://example.com/qa03"",""state"":""active""}"
"298","2026-10-03 13:16:02.257+00","anonymous","link.create","link","BXDqJ64O","ac35c93b-c2af-4134-a025-ad1392c99d70",,"{""url"":""https://example.com/qa03"",""state"":""active""}"
"299","2026-10-03 13:16:02.257+00","anonymous","link.create","link","p9hefuno","766e14c2-0fef-4b2c-a212-f8a1e7137ed9",,"{""url"":""https://example.com/qa03"",""state"":""active""}"
"300","2026-10-03 13:16:02.257+00","anonymous","link.create","link","PTzJQRZC","a403e1f2-b5da-4a58-80a9-5593dce8728c",,"{""url"":""https://example.com/qa03"",""state"":""active""}"
"301","2026-10-03 13:16:02.257+00","anonymous","link.create","link","zCuDEvoP","be4ef232-d5c5-47a4-b2ec-47269e478e82",,"{""url"":""https://example.com/qa03"",""state"":""active""}"
"302","2026-10-03 13:16:02.257+00","anonymous","link.create","link","ZboMFkUQ","490a975e-fa14-4909-b351-8d47b8f1d49c",,"{""url"":""https://example.com/qa03"",""state"":""active""}"
"303","2026-10-03 13:16:02.257+00","anonymous","link.create","link","ozsyXepY","74744a6b-d373-45d6-905e-7615bd8bfef8",,"{""url"":""https://example.com/qa03"",""state"":""active""}"
"304","2026-10-03 13:16:02.257+00","anonymous","link.create","link","9UrybRFv","953e2b7b-841e-4d4d-b530-bf5c61a1d3a7",,"{""url"":""https://example.com/qa03"",""state"":""active""}"
"305","2026-10-03 13:16:02.257+00","anonymous","link.create","link","A6lkmJZr","b4a5f57a-6577-44f4-84e1-43e58a5b8439",,"{""url"":""https://example.com/qa03"",""state"":""active""}"
"306","2026-10-03 13:16:02.257+00","anonymous","link.create","link","hAU7X6pA","19d7786d-d78f-4656-979a-aebc52062dac",,"{""url"":""https://example.com/qa03"",""state"":""active""}"
"307","2026-10-03 13:17:02.257+00","anonymous","link.create","link","3aLIPEQU","0b881eae-b21a-4c63-9cd4-4404b3e3722b",,"{""url"":""https://example.com/qa03"",""state"":""active""}"
"308","2026-10-03 13:17:02.257+00","anonymous","link.retire","link","3aLIPEQU","30a4c714-82ed-494f-8ae1-ce965ff0ccc5","{""url"":""https://example.com/qa03"",""state"":""active""}","{""url"":""https://example.com/qa03"",""state"":""retired""}"
"309","2026-10-04 13:17:02.257+00","anonymous","link.create","link","P6FDucbS","e6b04164-8c51-4486-bea7-b20dbb54957c",,"{""url"":""https://example.com/qa03"",""state"":""active""}"
