ID,CODE,URL,CREATED_AT,RETIRED_AT,IDEMPOTENCY_KEY
"1","en4Occdt","https://example.com/qa03","2026-10-03 06:09:59.007-07",,
"2","OPoNxFhb","https://example.com/qa03","2026-10-03 06:09:59.007-07",,
"3","Q7L4YbdD","https://example.com/qa03","2026-10-03 06:09:59.007-07",,
"4","8BwnFNvI","https://example.com/qa03","2026-10-03 06:09:59.007-07",,
"5","tu4FRIqQ","https://example.com/qa03","2026-10-03 06:09:59.007-07",,
"6","lMAEfyhC","https://example.com/qa03","2026-10-03 06:09:59.007-07",,
"7","SBbfWR0B","https://example.com/qa03","2026-10-03 06:09:59.007-07",,
"8","I5YFXhmZ","https://example.com/qa03","2026-10-03 06:09:59.007-07",,
"9","Aoj4Y67I","https://example.com/qa03","2026-10-03 06:09:59.007-07",,
"10","9et12tvR","https://example.com/qa03","2026-10-03 06:09:59.007-07",,
"11","bNo1LgSC","https://example.com/qa03","2026-10-03 06:09:59.007-07",,
"12","9KObbPjs","https://example.com/qa03","2026-10-03 06:09:59.007-07",,
"13","HclUnrrh","https://example.com/qa03","2026-10-03 06:09:59.007-07",,
"14","vBvvBoMb","https://example.com/qa03","2026-10-03 06:09:59.007-07",,
"15","ZezhyDKk","https://example.com/qa03","2026-10-03 06:09:59.007-07",,
"16","unLO56Lq","https://example.com/qa03","2026-10-03 06:09:59.007-07",,
"17","QkgbvJKf","https://example.com/qa03","2026-10-03 06:09:59.007-07",,
"18","Mn2Tu6d7","https://example.com/qa03","2026-10-03 06:09:59.007-07",,
"19","J1e47SH9","https://example.com/qa03","2026-10-03 06:09:59.007-07",,
"20","5PfQ58yS","https://example.com/qa03","2026-10-03 06:09:59.007-07",,
"21","0vSwPV6j","https://example.com/qa03","2026-10-03 06:09:59.007-07",,
"22","BOVxffF8","https://example.com/qa03","2026-10-03 06:09:59.007-07",,
"23","9VbBJPWu","https://example.com/qa03","2026-10-03 06:09:59.007-07",,
"24","GUoDdobO","https://example.com/qa03","2026-10-03 06:09:59.007-07",,
"25","9vwpAAws","https://example.com/qa03","2026-10-03 06:09:59.007-07",,
"26","dAXFQ15M","https://example.com/qa03","2026-10-03 06:09:59.007-07",,
"27","8LEge2j6","https://example.com/qa03","2026-10-03 06:09:59.007-07",,
"28","0hX3Keg4","https://example.com/qa03","2026-10-03 06:09:59.007-07",,
"29","bmNTqcBt","https://example.com/qa03","2026-10-03 06:09:59.007-07",,
"30","Pvy57tBD","https://example.com/qa03","2026-10-03 06:09:59.007-07",,
"31","Yag54rST","https://example.com/qa03","2026-10-03 06:09:59.007-07",,
"32","6KPWADbW","https://example.com/qa03","2026-10-03 06:09:59.007-07",,
"33","DNG384lQ","https://example.com/qa03","2026-10-03 06:09:59.007-07",,
"34","vK4xqci1","https://example.com/qa03","2026-10-03 06:09:59.007-07",,
"35","rAgOdFwS","https://example.com/qa03","2026-10-03 06:09:59.007-07",,
"36","t3veUQxj","https://example.com/qa03","2026-10-03 06:09:59.007-07",,
"37","3ivrFjSj","https://example.com/qa03","2026-10-03 06:09:59.007-07",,
"38","993fd8jM","https://example.com/qa03","2026-10-03 06:09:59.007-07",,
"39","bx2dtfSy","https://example.com/qa03","2026-10-03 06:09:59.007-07",,
"40","svwzqhab","https://example.com/qa03","2026-10-03 06:09:59.007-07",,
"41","V8A4lL8O","https://example.com/qa03","2026-10-03 06:09:59.007-07",,
"42","tNZ9ngAg","https://example.com/qa03","2026-10-03 06:09:59.007-07",,
"43","Qd2Qv9u8","https://example.com/qa03","2026-10-03 06:09:59.007-07",,
"44","DUUUrhSv","https://example.com/qa03","2026-10-03 06:09:59.007-07",,
"45","5QgjPIAi","https://example.com/qa03","2026-10-03 06:09:59.007-07",,
"46","lJ3szpLc","https://example.com/qa03","2026-10-03 06:09:59.007-07",,
"47","fIk9qiE9","https://example.com/qa03","2026-10-03 06:09:59.007-07",,
"48","O3xVGy7F","https://example.com/qa03","2026-10-03 06:09:59.007-07",,
"49","0lCrVtT1","https://example.com/qa03","2026-10-03 06:09:59.007-07",,
"50","MoyH5omP","https://example.com/qa03","2026-10-03 06:09:59.007-07",,
"51","iBpPnWKT","https://example.com/qa03","2026-10-03 06:09:59.007-07",,
"52","dGCLwTJ4","https://example.com/qa03","2026-10-03 06:09:59.007-07",,
"53","JwQcdHCw","https://example.com/qa03","2026-10-03 06:09:59.007-07",,
"54","ndF8qIgX","https://example.com/qa03","2026-10-03 06:09:59.007-07",,
"55","hj807txQ","https://example.com/qa03","2026-10-03 06:09:59.007-07",,
"56","VDhxv1hE","https://example.com/qa03","2026-10-03 06:09:59.007-07",,
"57","GBt8Rffv","https://example.com/qa03","2026-10-03 06:09:59.007-07",,
"58","PsjxNOJp","https://example.com/qa03","2026-10-03 06:09:59.007-07",,
"59","U9il1aZW","https://example.com/qa03","2026-10-03 06:09:59.007-07",,
"60","eOQKE9St","https://example.com/qa03","2026-10-03 06:09:59.007-07",,
